-2.254755671733335021e-01,-2.390369675333333388e-01,-3.438547157333333715e-01,-3.909651608400001588e-01,-2.630479194266666099e-01,-4.625284771999999545e-01,-3.980082506400000608e-01,-9.603922796000012585e-02,-1.009463741866666736e-01,-4.129414423466666872e-01,-5.706606206000000014e-01,-7.501507719906667093e-01,-3.966088393333334072e-01,9.012850909333340599e-02,1.544691833658896341e-01
-4.481548037866667222e-01,2.026900192399999912e-01,1.697685148666666921e-01,-4.970272140400000538e-01,-4.246186334666666728e-01,9.821314648000001313e-02,-7.132635802666668912e-02,-5.577197345866666822e-01,-3.633122163466666055e-01,-5.107514442133335164e-01,-6.670026891640000732e-01,-5.756050774666654490e-02,-3.660383333333332989e-01,-2.654841556266666625e-01,8.640212288073907676e-02
-2.710845980000001210e-01,-3.566193258399999455e-01,-2.285857362666667003e-01,-1.076255011733332906e-01,-5.023321062666665782e-01,-1.314886330133333558e-01,-7.897128343999988698e-02,-4.781669094666665676e-01,-4.749448832266665588e-01,-5.371450929066665658e-01,-2.247176266400000844e-01,-6.767830113599999642e-01,-2.160919938933331397e-01,-2.857347485599997516e-01,6.887900404488622730e-01
-3.917745736666669032e-01,-4.426459165666667417e-01,4.035397333333061269e-03,9.909756733333334455e-02,-3.557929816666668965e-01,-6.694352566666683657e-02,-6.587397961666666690e-01,1.313539183333330695e-01,-2.182207036666664879e-01,-6.100587454666666076e-01,-5.741406943666667040e-01,-3.074396026666669779e-01,-2.849505166666658693e-02,-5.458886659666668528e-01,-3.259566975397941713e-01
-2.573182638666675001e-02,-5.501071773066668058e-01,-3.794753411066666970e-01,-1.505466920666667929e-01,-6.232456562666695982e-02,-6.139204421866666372e-01,-3.874746076266666894e-01,-1.206460421866667049e-01,-4.217078509866666880e-01,-4.410031012666666972e-01,-1.450466825066666632e-01,-3.539812758666667780e-01,-4.563192713866667805e-01,-2.939908875866666382e-01,1.089969433260314091e-01
-3.289396545200000688e-01,-8.007945941333331763e-02,-2.013094762266668669e-01,-1.484177956533333786e-01,-7.394942753599998975e-01,-8.168824317333338303e-02,-3.505066831866667232e-01,2.412226363066668211e-01,-6.413969369160000822e-01,4.354041733333335884e-02,-6.753003059800000152e-01,-5.141631256360000846e-01,-3.843960628266667179e-01,-4.992142603066667128e-01,1.551464728357492689e-02
-1.043262275199999395e-01,-7.747852762666666004e-01,-1.320242486399999249e-01,-4.628844357333332660e-01,-2.817741278933333926e-01,-4.693915969066666527e-01,-4.479281857066667594e-01,-1.860575346133333807e-01,-5.002580263466667176e-01,-3.828395395199999385e-01,-2.180312035199998277e-01,-4.121899026133333810e-01,-2.578833070933332361e-01,-2.948480708266665862e-01,4.872460206414708783e-01
-6.286163530666666333e-02,-6.404296189066666090e-01,-1.322026289066666749e-01,-2.385415816266668043e-01,-7.539709626666664388e-02,-3.832305462666665830e-01,-6.150303413066667835e-01,-4.018365946666453865e-03,-5.783027927466667384e-01,-4.720990453066666315e-01,-3.023777888266667158e-01,-2.635062708266667220e-01,-4.343960872266666162e-01,-3.975140183466667199e-01,-4.903973474662811638e-01
-3.335118136666668787e-01,1.982687403333329712e-01,-2.834421746666668795e-01,-3.519667356666666969e-01,-4.928753706666667012e-01,-3.808038516666665818e-01,-1.760728116666667731e-01,-4.642047026666666909e-01,3.372528203333331476e-01,-1.479951146666668438e-01,4.598962633333325556e-02,-6.318584103666667895e-01,-6.103980616666667691e-01,-1.625281056666668389e-01,9.808439688964221137e-01
-3.849611866666666771e-01,-1.980020626666668948e-01,-2.203427626666666084e-01,-1.637752426666668482e-01,-4.535709946666666714e-01,-2.220953146666667377e-01,-2.758257826666667967e-01,-4.112668186666668113e-01,-3.094452826666668765e-01,-3.932120626666668062e-01,-3.224939866666668986e-01,-4.659950266666668672e-01,-4.068160306666667725e-01,-2.424578866666668164e-01,-7.388466428664025587e-01
-6.331580867626666054e-01,-1.980300173866664792e-01,-5.046664865866666849e-01,-3.793995589066665453e-01,-6.826107278986667248e-01,-2.936207626666664794e-01,4.050025482133333132e-01,-3.186260811466666287e-01,-2.183958200266665484e-01,7.750915645333329718e-02,-1.980404667466665602e-01,-4.181457857866665573e-01,-2.688244313866666180e-01,-2.738087761066667625e-01,1.103969080681970749e-01
-4.096468444666666042e-01,-3.787747420666667253e-01,-6.070557161986666062e-01,-1.578355397866667287e-01,-3.139218880666667100e-01,-2.949912863866668289e-01,-5.150086133866667026e-01,-1.910980862266666025e-01,-4.485907153066666098e-01,-3.271357666666752095e-03,-5.006016322666665408e-01,-3.523941017866666914e-01,-2.643764515066664988e-01,-2.983250446666667055e-01,-2.033267107541491051e-02
-3.476870853333332012e-01,-4.277146442666666104e-01,-2.823349546666668528e-02,-4.419203914666665622e-01,-2.408202826666666352e-01,-4.627480885333333238e-01,-5.209028661333331423e-01,-1.874562453333332712e-01,-3.589425503999999489e-01,-7.442991946666636938e-02,-4.205932735999999283e-01,7.627493120000010396e-02,-3.651945589333333575e-01,-5.051711109333333338e-01,-1.364027782016822010e-01
-5.300742714933331934e-01,-8.978295966666666184e-01,-6.465680640000008583e-02,-2.557822304000000879e-01,-2.808843533333333364e-01,2.120204720000007370e-02,2.228799560000001845e-01,-7.017550818933332435e-01,-1.938693999999999418e-01,-4.152993957333332986e-01,-2.266583562666664164e-01,-4.315585855999999332e-01,9.561059386666670434e-02,-4.189029832000000231e-01,6.516039571669329789e-01
-3.608827308666667233e-01,-6.240368166933333294e-01,-6.015172742266668982e-01,-5.808951654933333097e-01,1.776588951199998545e-01,-1.384236053733335081e-01,-2.570431731866668623e-01,-1.409176337333365760e-02,-4.011982044533334846e-01,-2.096672488133334011e-01,-4.578016486666667828e-01,-5.925194437333335395e-01,-3.152045103600000786e-01,-4.552750658533333272e-01,4.943374806114399500e-01
-3.972615611733334440e-01,-6.635812418826665393e-01,-2.714944707733331630e-01,-6.748921594639999411e-01,-2.431232829066667378e-01,-1.827875617333332980e-01,-8.245810882666670949e-02,-2.616381475466666440e-01,-4.395696509866666157e-01,-1.370789896533333163e-01,-4.642155343999997963e-01,7.674258133333703444e-04,-5.313522201066666062e-01,-2.984750136533333986e-01,7.921351931267632818e-01
-2.368362282666665874e-01,-1.447660034400000129e-01,-4.349554222666667802e-01,-3.772579743200001334e-01,-4.860609408000000076e-01,-4.551166095466667727e-01,-3.571931368000000329e-01,-1.572673848000002150e-01,-7.839984861600001187e-01,-2.616141748800000499e-01,-3.823404241599999698e-01,-1.481221867466668840e-01,-3.272363905866668143e-01,-1.411448582933333140e-01,-9.272537741198021433e-01
-4.701947596666666840e-01,-3.681625113466666654e-01,1.206690721333334437e-01,-4.496361785866667127e-01,-4.140832750666667006e-01,-5.559093506266666873e-01,-4.467915295066668402e-01,-2.257945978666665854e-01,-1.397257282666665434e-01,-7.255866610666661387e-02,1.329958848133333260e-01,2.128023584533333123e-01,-4.277542625866666559e-01,-4.554088364266666855e-01,-8.983948013883595873e-01
-2.464917898666666718e-01,-2.755506442666666445e-01,-2.180076754666666616e-01,-3.034753450666665131e-01,-5.086881778666665355e-01,-3.009771418666664644e-01,-2.907697594666664997e-01,-2.713435474666665570e-01,-1.890637690666666371e-01,-5.270798578666665568e-01,-4.198716898666667308e-01,-4.349911834666667088e-01,-3.254840554666665331e-01,-2.058155242666665219e-01,-2.678185798393553640e-01
-2.093712952000001126e-01,-2.464940065066668351e-01,-4.490084335999999787e-01,-3.004713353066668091e-01,-6.203390431466667687e-01,-7.600520277333355779e-02,-1.818044674666667859e-01,-3.389723880000001799e-01,-5.002845833066668080e-01,-1.398529359999999000e-01,-2.874002186666665959e-01,-2.828766687466668373e-01,-6.033641676800000075e-01,-2.537002342933334376e-01,5.109251527328551035e-01
-3.292391037866669312e-01,-2.464291108266666586e-01,-2.429177670266667588e-01,-5.578719278666680742e-02,1.637824260933333775e-01,-5.720220722266667890e-01,-3.222857106666587867e-03,-4.332518412266668228e-01,-4.636129399466668022e-01,1.945571899733332943e-01,-3.161365003466665158e-01,-1.392032533066668021e-01,-5.157443702266668595e-01,-6.782570573866668617e-01,1.906342182312367461e-01
-1.952313569066665977e-01,-5.184034549333333963e-01,-3.776983497599999962e-01,3.340769973333331672e-02,-5.099605016533333979e-01,-9.981412373333320431e-02,-6.411734845120000692e-01,-5.139609303466666779e-01,-4.847718185600000673e-01,-4.169694044799999166e-01,1.278760441600000630e-01,-2.691584165333334444e-01,-3.795304714666661999e-02,-3.745605472000000380e-01,2.440457198575783915e-01
-2.720721034399999350e-01,-4.658556472000027066e-02,-3.562694138799999410e-01,-1.931442329599999397e-01,7.271397173333286716e-03,-2.818022443733332882e-01,-7.712371789026667424e-01,-3.117382234266668495e-01,2.899152026666721674e-03,-6.667767392000012450e-02,-4.158241946653333798e-01,1.700153810666638066e-02,-6.427803637626666733e-01,-2.741192239999999392e-01,6.810409894972290212e-01
-9.644161066666434579e-03,-6.095543530666666099e-01,-2.000008282666666803e-01,-5.905188586666672984e-02,-8.925183466666671006e-02,-3.684111850666664800e-01,1.896781813333348055e-02,-4.868242714666665694e-01,-2.206539418666665642e-01,-2.654213722666665665e-01,-3.360337210666666796e-01,2.798216053333331746e-02,-7.614289066666666272e-01,-4.251121594666666392e-01,8.251902222969473288e-02
-1.478713889466665987e-01,-1.125582235200000697e-01,-1.179585765199998165e-01,-3.294569727733334119e-01,-5.837878831066666274e-01,-4.272085052666667049e-01,-5.197756988800000810e-01,-4.403442210399999834e-01,2.668242895200003129e-01,-4.192571283733332876e-01,9.162655181333345666e-02,-3.755194122666665746e-01,-3.511509622533332542e-01,-2.202566919200001083e-01,-7.775100493360176390e-01
-1.478713889466665987e-01,-1.125582235200000697e-01,-1.179585765199998165e-01,-3.294569727733334119e-01,-5.837878831066666274e-01,-4.272085052666667049e-01,-5.197756988800000810e-01,-4.403442210399999834e-01,2.668242895200003129e-01,-4.192571283733332876e-01,9.162655181333345666e-02,-3.755194122666665746e-01,-3.511509622533332542e-01,-2.202566919200001083e-01,-7.775100493360176390e-01
-4.144332897999999932e-01,-3.151046178666667141e-01,-6.810634553800000157e-01,8.707647186666662986e-02,2.503525347999987008e-02,-6.286278086666670373e-02,-2.390589759466668907e-01,-5.909084919279999903e-01,-2.515818504266666977e-01,-9.251539038666667381e-02,-8.094272444906667197e-01,-4.561437620533332904e-01,-1.564599126666665896e-01,-2.918324020800001084e-01,-3.309261866792377882e-01
-3.671981577600000324e-01,-3.188086451200001226e-01,-1.866364666666668060e-01,-2.587303821866668296e-01,-3.797240968533334704e-01,-1.156428564266667181e-01,-2.294128277333333799e-01,-3.633710089600000193e-01,-5.132278041600001339e-01,-5.170390065066667873e-01,-1.227948407466668002e-01,-7.492353134933332770e-01,-2.971932276266668893e-01,-2.402484427733334871e-01,7.848577799066435157e-01
-6.784965032266668805e-01,-2.637770704666667076e-01,-4.879115420666666481e-01,-3.593380601866666413e-01,-5.658074567866667737e-01,-1.472912105733333588e-01,-6.273438490666667644e-02,9.368867654666661327e-02,-8.292328237360000465e-01,8.340455519999956380e-03,-3.148597566800000469e-01,-1.889525234533332709e-01,-5.096708961333332871e-02,-4.717633081733333955e-01,-5.735624916663221162e-01
-3.776109572266667658e-01,-3.399894365866664714e-01,-4.826447108266664898e-01,1.277072341333340688e-02,-4.566131050666655256e-02,-2.142759946666667192e-01,-3.015362429866668137e-01,-5.138277745066667235e-01,-5.853142705066667340e-01,-1.759935658666655911e-02,-6.603143511466665894e-01,-2.001468989866665993e-01,-1.568531818666668298e-01,-5.537854551466665498e-01,4.480547689893722985e-01
-1.478713889466665987e-01,-1.125582235200000697e-01,-1.179585765199998165e-01,-3.294569727733334119e-01,-5.837878831066666274e-01,-4.272085052666667049e-01,-5.197756988800000810e-01,-4.403442210399999834e-01,2.668242895200003129e-01,-4.192571283733332876e-01,9.162655181333345666e-02,-3.755194122666665746e-01,-3.511509622533332542e-01,-2.202566919200001083e-01,-7.775100493360176390e-01
-2.155105294666664617e-01,-4.238511177466666169e-01,-3.905794602799999571e-01,-3.668215552666665435e-01,-3.212826288666666419e-01,-3.545101594666666966e-01,-4.732026054266667003e-01,-5.792466322666663808e-02,-4.756295830933332525e-01,-3.263925200266666882e-01,-4.135783831866666205e-01,-7.922663275466667043e-01,2.175963259999995000e-02,-3.779327002933333124e-01,-2.947359262217175702e-01
-7.040746902066666868e-01,-7.405060854239998713e-01,-3.601456152933333321e-01,-2.439319048133331835e-01,-2.775748652800000826e-01,1.784582716800002800e-01,-7.387924728000012931e-02,-2.299029434533332861e-01,-4.480461453866667054e-01,-4.272579610133331873e-01,-5.129734854799998800e-01,-9.768968242666679902e-02,-1.677425964666664771e-01,-3.050405902133332958e-01,2.300973528802337242e-01
-5.154382748000001513e-01,-4.134534716400001808e-01,3.076692643066663568e-01,-4.588190887466668255e-01,-2.547749554800000094e-01,-5.532766702933332725e-01,-5.467289456933334124e-01,-2.094625719066668668e-01,-3.216256266400001063e-01,-1.293248108266666918e-01,7.460220866666666950e-02,2.526044974266665188e-01,-2.669760813200001692e-01,-5.314402749200000109e-01,-8.572756520623647791e-01
-9.206373680000012882e-02,-8.347927802146667409e-01,-2.924801644000011788e-02,-1.931851107600000006e-01,-1.377899542133335375e-01,-2.603217828666668510e-01,-3.801426075333334542e-01,-4.179948850399999860e-01,-2.332302481466665967e-01,-2.195179344666667587e-01,-4.176895501200001415e-01,-3.579883836000016112e-02,-5.703292523999999863e-01,-4.974004693866667104e-01,-6.179741058367768103e-01
-5.223756506666665800e-01,-7.156950461666665708e-01,-2.961165516666666164e-01,7.496993333333357157e-02,4.497593483333333642e-01,-1.810360366666664833e-01,3.266810083333331893e-01,-9.297179666666662012e-02,-5.430150771666667486e-01,-6.241319151666666620e-01,-1.280236816666665833e-01,-6.707472696666666456e-01,-5.978234791666666714e-01,-2.878794216666665240e-01,6.129788895745381661e-01
-1.900383473866664730e-01,1.468965280933334228e-01,-2.073961829866665385e-01,-5.635440701466665203e-01,-3.835828063466664162e-01,-4.258936786266665497e-01,-4.952056285066666064e-01,-5.727386514666635980e-02,-2.665138484666664809e-01,-2.925781539866664782e-01,-3.656188241066666289e-01,-4.772232781866665441e-01,-2.318900176666665869e-01,-4.876655316666666518e-01,-9.103160718314481370e-01
-4.483530036933331964e-01,-1.177789415600001277e-01,-2.926564525866668376e-01,-4.578022988800000692e-01,8.783651154666660688e-02,-7.593699493319999716e-01,9.863714670666674789e-02,-2.856274678000000899e-01,9.002487553333349268e-02,3.047770003999999422e-01,-4.381675307599999236e-01,-6.657150299413333583e-01,-3.652254260800001373e-01,-3.685029297466668186e-01,8.375163075666886003e-01
-4.650058258933333910e-01,-1.847990009866666838e-01,-5.235689965066668838e-01,-1.684147033333331933e-01,-3.672207668000000425e-01,-1.626960069333334147e-01,-2.283540805599999501e-01,-1.678753791200001400e-01,3.809997690666655501e-02,-6.145009186133333356e-01,-6.249328757333335455e-02,-3.342568989333332685e-01,8.659266263999991498e-02,-5.582252265599999541e-01,-1.347215303211484749e-01
-6.402793923946665799e-01,1.262794107733335169e-01,-4.685261799466665100e-01,-4.599619661866666820e-01,-6.316383799786665643e-01,-3.894119281066665827e-01,2.381145445333331667e-01,-2.696409332266664904e-01,-3.263788493866668361e-01,4.735838782933334268e-01,1.707404917333328956e-02,-5.380452542506666269e-01,-4.198172141866664542e-01,-2.913540077866668132e-01,-9.269285145717433005e-01
-4.515065578666666579e-01,-4.943031285333334135e-01,-3.058482186666668379e-01,-4.384472757333332527e-01,-3.855726517333334935e-01,-1.272744885333333686e-01,-3.067388373333335139e-01,-2.430080405333333859e-01,-2.720234591999999840e-01,-4.489659509333332466e-01,-5.555120682666666587e-01,-3.281699349333333515e-01,-1.655710912000000479e-01,-2.532267178666668950e-01,-3.739758562860784896e-01
-3.289396545200000688e-01,-8.007945941333331763e-02,-2.013094762266668669e-01,-1.484177956533333786e-01,-7.394942753599998975e-01,-8.168824317333338303e-02,-3.505066831866667232e-01,2.412226363066668211e-01,-6.413969369160000822e-01,4.354041733333335884e-02,-6.753003059800000152e-01,-5.141631256360000846e-01,-3.843960628266667179e-01,-4.992142603066667128e-01,1.551464728357492689e-02
-3.813396640533333048e-01,5.021964074666692562e-02,-7.922053973333298416e-02,-4.474495059466665481e-01,-2.846921004000000366e-01,-2.985804132799998456e-01,-4.675502848266665512e-01,-7.452667653333329423e-02,-3.788178630399998137e-01,-5.475208286399998459e-01,-2.836704948799996795e-01,-6.758197561066664472e-01,1.199465184000002155e-01,-4.955017799999999473e-01,-3.199158168057201213e-01
-5.387362056666668009e-01,-4.410748318666667944e-01,-4.965559942666666338e-01,-4.434012712666667855e-01,2.435047493333334853e-02,-7.738165265066666576e-01,-2.208974658666669200e-01,7.762299233333329329e-02,-1.185439484666668264e-01,-3.104212098666667141e-01,-4.807322798666667230e-01,-3.104113936666665907e-01,1.436860183333331376e-01,-9.224634866666676924e-02,-3.861376838970591030e-01
-4.397514397999999214e-01,-5.239076194666658637e-02,-5.019141790399999081e-01,-3.749091941066667322e-01,-2.576988915466668639e-01,-3.018654860933332462e-01,-3.149099752799999763e-01,-3.247861291333332123e-01,-6.974004691066667538e-01,-5.571298785333341635e-02,-5.752566158133333163e-01,-1.723348852800000441e-01,-1.890274862933332967e-01,-3.714692871733333845e-01,-1.794723290743125421e-01
-2.467134553466667768e-01,-2.156446657066668493e-01,-3.935712035866667513e-01,-3.205678213866667292e-01,-1.636322182266667369e-01,-2.075918371466668189e-01,-1.584869177866667089e-01,-2.914767812266667590e-01,-6.581326240666668381e-01,-3.516996468666667153e-01,-4.617838619466668182e-01,-4.183285297466667885e-01,-3.276120765066667384e-01,-5.202811214666667183e-01,6.218318304774719252e-01
-4.921074087600000868e-01,-5.968687724799998096e-01,-5.751328979733333346e-01,2.000563553066667666e-01,3.370478787200002491e-01,-3.604644477866665864e-01,5.053147400000016637e-02,-2.907623236933331579e-01,4.303861649733334294e-01,-4.875595293199999070e-01,-4.697523393999998298e-01,-5.146653178133332451e-01,-3.416323836266665914e-01,-3.965699132000000127e-01,-7.824583434888288114e-01
-9.144772974666655341e-02,-1.718030456799999328e-01,-3.533030542533334706e-01,5.624877445333353876e-02,4.463957081200001231e-01,-4.394399656266665954e-01,-7.880557720493333029e-01,-4.652577797466665999e-01,6.495439517333334578e-02,-3.421879557333321747e-02,-4.304796002799999854e-01,-1.228860597333329176e-02,-5.494342650799999284e-01,-4.591439087066666036e-01,3.407440699704081255e-02
-6.016768066666688952e-02,-3.390826820000000796e-01,-3.164952329333334258e-01,-2.868039739999999616e-01,-4.258805733333333454e-01,-3.473768085333333033e-01,-4.309751286666667625e-01,-1.093229977333332742e-01,-2.698443421333331926e-01,-4.720458149333333076e-01,-2.455999722666666329e-01,-5.447979695999999317e-01,-4.181577987999999801e-01,-3.215707431999999533e-01,2.196665297780335258e-01
-4.166409926666664876e-01,-6.576243599999997969e-02,1.601591939999999215e-01,-6.678722595999998513e-01,-2.680372319999999031e-01,-5.485932868666667517e-01,-2.508294419999999580e-01,-6.432669702000000100e-01,-4.096841600000011852e-02,-2.382597373333332769e-01,6.477995913333334244e-01,1.574454206666665856e-01,-3.471437246666666532e-01,-3.430607293333332031e-01,-1.599421017020804803e-01
-3.837296182666666833e-01,1.537888133333294551e-03,-5.222506610666667326e-01,-3.892711738666664867e-01,-1.650121822666665850e-01,-6.119506882666666536e-01,-3.399861310666666969e-01,-1.876156610666666891e-01,-2.782080482666664523e-01,-2.840530062666666855e-01,-2.776547850666665762e-01,-5.417398034666666140e-01,-8.701991826666659324e-02,-2.447267010666666354e-01,2.296567456090656961e-02
-7.261337909333349938e-02,-4.198375113599999153e-01,-3.027656248000001327e-01,-6.305649695333334082e-01,-1.497699915200000620e-01,-1.347533228533333016e-01,-5.470529154000000061e-01,-2.296199161333335181e-01,-2.280988729200001119e-01,-1.748720486266668317e-01,-1.070548352933335251e-01,2.400530388933332093e-01,-6.686491789066666414e-01,-4.914524886400002401e-01,1.269487310254392154e-01
-4.483530036933331964e-01,-1.177789415600001277e-01,-2.926564525866668376e-01,-4.578022988800000692e-01,8.783651154666660688e-02,-7.593699493319999716e-01,9.863714670666674789e-02,-2.856274678000000899e-01,9.002487553333349268e-02,3.047770003999999422e-01,-4.381675307599999236e-01,-6.657150299413333583e-01,-3.652254260800001373e-01,-3.685029297466668186e-01,8.375163075666886003e-01
-4.037092295733333280e-01,-2.475792621066667254e-01,-2.254896126133333067e-01,-4.969506958400000118e-01,-4.990317519733333818e-01,2.940423349333324762e-02,-3.375835802666671270e-02,-4.982703899733333941e-01,-5.888420134933335381e-01,-3.976804208000010027e-02,-4.724043849600000899e-01,6.400949600000001467e-03,-5.026964410666665550e-01,-3.912127412799999426e-01,-8.065157999186106652e-02
-2.628720176266667319e-01,-2.697938858666668049e-01,-3.946999925066665971e-01,2.018599509333333583e-02,-2.639893643466668105e-01,-2.586582948266666904e-01,4.232461061333333413e-02,-4.730278913866667878e-01,-3.857612187466667453e-01,8.520989277333305967e-02,-6.633745334666666382e-01,-9.342354682666680066e-02,-6.504682319466666973e-01,-4.559457432266666999e-01,-5.154828886874093241e-01
-1.793095400266665751e-01,-2.141375981866667499e-01,-6.571573429066664973e-01,-3.817842169066666957e-01,-2.750123965066665899e-01,-4.313018439466667076e-01,-4.472703329866665745e-01,-2.250534519466663996e-01,-3.860172625066666252e-01,-2.492988961066666675e-01,-3.725165489866666957e-01,-7.575525754666666556e-01,-9.230694322666661844e-02,-1.145979812266665759e-01,7.428681744081496729e-01
-6.605189990666666955e-02,-5.905208687466666495e-01,-4.139872594666667988e-02,-3.082776841866667894e-01,-2.517496082666668689e-01,-3.477985906666665739e-01,-3.690485253066667082e-01,-5.834526024666666366e-01,-4.328073563866666196e-01,-2.906656950266667816e-01,-8.944127146666651373e-02,-2.485810751066666879e-01,-2.669964815066666053e-01,-5.444462441066666436e-01,1.977463634089375311e-01
-4.763738580266667633e-01,-2.457299505066667111e-01,-2.154609127466665941e-01,-4.913357043200001217e-01,-2.608878035199999057e-01,-5.158832125866666951e-01,-6.153799571200001539e-01,-4.290032992000014644e-02,-3.765691029333333439e-01,1.821643210666668011e-02,-3.507242168533332705e-01,-4.913521034666690213e-02,-1.325500701866667297e-01,-4.734524245333333603e-01,-7.999214915854280239e-01
-3.945118687466666607e-01,-3.100992220266667876e-01,3.359575590933333022e-01,-3.011693649066667366e-01,1.854426234133335072e-01,-3.223851874666665007e-01,-3.638206732266666132e-01,-8.107744154666669811e-02,-2.701935524266667055e-01,-4.322591930666666582e-01,-3.981881711466665474e-01,-1.066692498666667460e-01,-5.557509342986666212e-01,-6.379056198026665792e-01,4.910342679134726551e-01
-4.212595190666667544e-01,-6.151135209466667142e-01,-3.576368789600001818e-01,1.063117189733334272e-01,2.003280444533332982e-01,-3.984265519866667660e-01,-4.221241756800000466e-01,-1.675632362266667175e-01,-1.152012403866666118e-01,-5.753493708800000439e-01,-5.350221886000000593e-01,-3.275146555466668663e-01,-1.407990978000001336e-01,-3.789416157466665713e-01,-2.284106585650956811e-01
1.358756437333319411e-02,-3.101902796800001805e-01,-2.854281053866666862e-01,-2.491076531200002719e-01,-6.048143880533335404e-01,-3.408338355199999614e-01,-6.986272924160000786e-01,-1.751814135466668032e-01,-3.678842956800001396e-01,-1.875186824533333907e-01,-3.760247509333334293e-01,-2.844835788800000320e-01,-6.179501226666667124e-01,1.667761314133331396e-01,-2.172652895174746468e-01
-3.306473344000000480e-01,-2.405315055999999174e-01,-1.210662895999998767e-01,-2.975933768000000867e-01,-4.025849223999999893e-01,-3.455134786666667068e-01,-1.598254770666667213e-01,-2.436712965333332759e-01,-2.664826434666667798e-01,-4.222756234666666941e-01,-9.709666613333330087e-02,-5.177999335999999841e-01,-3.136560877333334219e-01,-5.332500023999999783e-01,9.661448950203408437e-01
8.770985365333316963e-02,-3.094169861866665205e-01,-7.316491496906666336e-01,9.709072725333338372e-02,-2.491806346666673375e-02,-5.499598154666666128e-01,-5.286901204266666321e-01,-3.617967212266666732e-01,-6.434048033066667172e-01,-1.466971185066666405e-01,-2.505207594666665830e-02,-3.116186197866666063e-01,-3.790556141866667228e-01,-3.182235205866665306e-01,2.481297783401912316e-01
-4.037092295733333280e-01,-2.475792621066667254e-01,-2.254896126133333067e-01,-4.969506958400000118e-01,-4.990317519733333818e-01,2.940423349333324762e-02,-3.375835802666671270e-02,-4.982703899733333941e-01,-5.888420134933335381e-01,-3.976804208000010027e-02,-4.724043849600000899e-01,6.400949600000001467e-03,-5.026964410666665550e-01,-3.912127412799999426e-01,-8.065157999186106652e-02
-2.077930010400000638e-01,-3.200219889733333933e-01,-2.834877718400002355e-01,-3.220667795600000716e-01,-2.932802552000000063e-01,-1.730315610666668391e-01,-2.653379104400001576e-01,-2.248172896400001119e-01,-4.141011155066666727e-01,-3.364834911733334266e-01,-2.838160639066667490e-01,-6.006741868800000717e-01,-3.131935139866666162e-01,-6.102509354533333097e-01,3.448891902982548219e-01
-6.316378530386668189e-01,-4.598611660266667123e-01,-1.099573462533334905e-01,-8.205822176000025781e-02,-4.013248945333335871e-01,-2.773962548666665806e-01,5.189377184533331411e-01,-5.521479810800000720e-01,-3.339207978666684090e-02,-2.079299741733334483e-01,-2.021116763466667410e-01,-3.709527174533333027e-01,-1.669037982266665665e-01,-5.795502869733333284e-01,9.687216405935031305e-02
-6.970624749333333980e-01,-4.727991636800001340e-01,-3.121770337600000000e-01,-4.603993980266666841e-01,1.406505008399999423e-01,-6.397443529066667578e-01,4.994128802666667616e-02,-9.819834186666653864e-03,-1.019455765200000669e-01,2.644839220666668211e-01,-5.802090542399999107e-01,-4.053908349999999494e-01,-1.562869336133333176e-01,-4.640638983066667222e-01,-7.900089834609869133e-01
-7.288973043533332197e-01,6.111349266666603157e-03,-4.293907656000000017e-01,-3.897700840666666333e-01,-4.720808840000000894e-01,-3.402252515333333283e-01,-5.215389479999998912e-01,-1.730114417333332710e-01,-2.506909712000000567e-01,7.144805486666665206e-02,-2.768842221999999187e-01,-4.260610231333334386e-01,3.516344950666668301e-01,-3.504205541999998452e-01,-4.942785911473941696e-02
-1.834597413333334259e-01,-4.179220226666668370e-01,-5.369332293333334283e-01,-3.025616520000002363e-01,-3.290169853333333450e-01,-5.478630613333335120e-01,-3.755254613333335878e-01,-2.140874586666668689e-01,-5.852406680000000749e-01,-2.935668386666667184e-01,-2.299379826666667626e-01,-3.457669906666667181e-01,-2.578974906666668399e-01,-1.614262280000001437e-01,2.770544957198073921e-01
-1.596079712666664818e-01,-4.774279546666666540e-01,-4.735356258666665319e-01,-6.047222222666666092e-01,-9.044757466666553114e-03,-4.225236846666646784e-02,-3.733081592666665505e-01,-2.241053710666666421e-01,-1.654937014666666428e-01,-2.268734592666664940e-01,-4.367568976666666991e-01,-4.903047608666664670e-01,-3.482819966666665934e-01,-5.934703688666665977e-01,9.817289925695887876e-01
-2.025715086933332076e-01,-1.909732257066666106e-01,-2.520316135466667551e-01,-3.608388841600000951e-01,-3.211170382933333234e-01,-6.286079392000000210e-01,-3.302518228266665967e-01,-2.495433147733333856e-01,-4.390508266666666159e-01,-3.905166004266667490e-01,-3.432306569599998802e-01,-4.061738691200000306e-01,-1.775975864533334558e-01,-2.434672363733332290e-01,-5.002961609221840966e-01
-4.153467058666667211e-01,-6.456106114666666507e-01,2.704219573333332960e-02,-2.678805862666664983e-01,8.476894453333343182e-02,-5.193759058666665984e-01,-4.592281138666667317e-01,-6.372788182666666579e-01,-5.602404670666668585e-01,-2.775174730666669087e-01,-3.839960878666667798e-01,-7.628717146666670612e-02,9.924663733333302304e-03,-2.292290098666667220e-01,6.585894366824153190e-01
-4.515065578666666579e-01,-4.943031285333334135e-01,-3.058482186666668379e-01,-4.384472757333332527e-01,-3.855726517333334935e-01,-1.272744885333333686e-01,-3.067388373333335139e-01,-2.430080405333333859e-01,-2.720234591999999840e-01,-4.489659509333332466e-01,-5.555120682666666587e-01,-3.281699349333333515e-01,-1.655710912000000479e-01,-2.532267178666668950e-01,-3.739758562860784896e-01
-3.981795306666667256e-01,-6.199680266666648260e-02,-5.025475426666666801e-01,-1.001934394666665895e-01,-4.137459682666665972e-01,-1.892566346666667843e-01,-3.109850554666667155e-01,-1.993664098666666218e-01,-1.177495266666669059e-02,-6.291533226666666812e-01,-6.717315706666671105e-02,-4.300318630666666309e-01,1.579328541333332725e-01,-5.464998370666666050e-01,1.501322370782043336e-01
-2.781583515866665191e-01,-5.745604477706667268e-01,3.604213973333436627e-03,-1.983000807866665272e-01,2.952885646933334773e-01,-5.054951432666667799e-01,-1.031961401066666256e-01,-1.222906790266667515e-01,-1.371330243066667121e-01,-2.614491895866667970e-01,-3.229273821866665561e-01,4.113077667733333054e-01,-7.833327842906667726e-01,-5.504865785746666518e-01,2.853942653584174427e-01
-3.020577203333336125e-01,-2.269991259333332678e-01,-2.239857370666665515e-01,-3.570430629999998828e-01,-7.795874130933334589e-01,-3.826013640000022059e-02,-5.106622658733334097e-01,3.208373711333332712e-01,-6.144368954533333538e-01,-1.173766010666665166e-01,-6.095026212533333210e-01,-5.916143765866666016e-01,-1.944161084666668204e-01,-3.685563694666666446e-01,2.833002653876960930e-01
-2.591994058799998446e-01,-4.714293800666666812e-01,-4.588037265066667314e-01,-9.142608154666682918e-02,-3.190903266133331972e-01,-4.150295444133333400e-01,-7.552808257333332165e-02,-3.301935520933332313e-01,-1.442473362533333303e-01,-5.510654729333334251e-02,-6.445110585333324593e-02,-1.457435155733331766e-01,-5.354413561199998783e-01,-5.873789025733332503e-01,6.705904169760582567e-01
-3.081562063999999102e-01,-4.593609954666664774e-01,-2.001598757333334644e-01,-1.468464799999994906e-03,-2.463759525333332479e-01,-3.447439338666666298e-01,1.551460669333331877e-01,-6.427066042666668144e-01,-1.180012701333333497e-01,-7.475310719999998799e-02,-6.213951959999999275e-01,3.593320560000012875e-02,-5.282781391999998855e-01,-4.467548061333332932e-01,-8.712635582612204832e-01
-6.975311449333343461e-02,-6.631309759333333664e-01,-8.240660504000008046e-02,-4.435287955599999665e-01,-2.485968862666668999e-01,-3.391083533733333932e-01,-2.962425243066665881e-01,-5.030925689200000939e-01,-4.830406873733332773e-01,-2.316568128133334736e-01,-1.635647123733333930e-01,-1.277295966933333915e-01,-3.615456555333333988e-01,-5.380936841600000298e-01,2.272882549782086758e-01
-2.494710038933334317e-01,-1.356314257600000628e-01,-1.934820304800002333e-01,-1.997588581600000524e-01,-3.489200072799999996e-01,-5.561294564800002282e-01,-2.970085006666668970e-01,-1.753517185066666428e-01,-3.691590697600002358e-01,-3.484587181066667871e-01,-4.877762857600000390e-01,-4.706344505866668082e-01,-4.678996647733335013e-01,-1.551867917866666391e-01,-5.762268948620610787e-02
-2.465381132266667163e-01,-2.030531267466667844e-01,-3.977270235066667214e-01,-3.139080574666675005e-02,-2.278296517066665527e-01,-5.291485027466665825e-01,-9.918166406666657775e-02,-2.146765779066666935e-01,-2.710877161466666574e-01,-9.706372502666660296e-02,-5.233661929866665341e-01,-7.555587026666661828e-03,-6.454502505066667117e-01,-4.134350713866667415e-01,3.988963942926321282e-01
-2.720721034399999350e-01,-4.658556472000027066e-02,-3.562694138799999410e-01,-1.931442329599999397e-01,7.271397173333286716e-03,-2.818022443733332882e-01,-7.712371789026667424e-01,-3.117382234266668495e-01,2.899152026666721674e-03,-6.667767392000012450e-02,-4.158241946653333798e-01,1.700153810666638066e-02,-6.427803637626666733e-01,-2.741192239999999392e-01,6.810409894972290212e-01
-4.776435025066667062e-01,1.085436450133331759e-01,6.108809557333335499e-02,-5.643069802666674656e-02,-1.008485905066667243e-01,-5.175452324266666126e-01,-3.325797015466666617e-01,-5.361027178666666337e-01,-7.172420554666666392e-01,-2.041737303466666376e-01,-2.735738871466668054e-01,-2.452185898666670028e-02,-2.245143831466668016e-01,-4.796865284266667584e-01,9.423124462224642395e-01
-4.690993714800000269e-01,-6.036876573333334051e-01,-1.934721593466667000e-01,2.513171979999997419e-01,1.138484066666656247e-02,-5.512755544000006586e-02,-2.011224615600001042e-01,-2.306420081466669103e-01,-4.367970028799999516e-01,-7.623871784400000351e-01,-5.121593629866666442e-01,-5.766461006666666611e-01,-2.028531211866667905e-01,-2.230015392266668783e-01,2.860928740285509364e-01
-2.591994058799998446e-01,-4.714293800666666812e-01,-4.588037265066667314e-01,-9.142608154666682918e-02,-3.190903266133331972e-01,-4.150295444133333400e-01,-7.552808257333332165e-02,-3.301935520933332313e-01,-1.442473362533333303e-01,-5.510654729333334251e-02,-6.445110585333324593e-02,-1.457435155733331766e-01,-5.354413561199998783e-01,-5.873789025733332503e-01,6.705904169760582567e-01
-5.924556664666668082e-01,-2.808166920666668176e-01,-2.984101718666665737e-01,-5.094923713333333604e-01,2.520907011333335390e-01,-6.726004446000000137e-01,-4.376745802666666130e-01,-7.400764000000077843e-03,-5.632518745333333632e-01,-4.174010369333333581e-01,-3.106039664666664923e-01,9.901061466666671862e-02,1.146846559999984728e-02,-1.658904252000000523e-01,-4.904847046259362409e-01
-6.859930030666666623e-01,1.634177921866667160e-01,-4.116916327466667025e-01,-1.230522845333344682e-02,-1.138666158933334671e-01,-3.832514980533334170e-01,-1.345085006400002781e-01,-3.017887878666665746e-01,-7.963533690666668718e-02,-8.442292837333346955e-02,-2.592528790666666083e-01,-3.561923993600000782e-01,-1.259644912533334493e-01,-6.323351510133333742e-01,-3.681932634767842716e-01
-3.289396545200000688e-01,-8.007945941333331763e-02,-2.013094762266668669e-01,-1.484177956533333786e-01,-7.394942753599998975e-01,-8.168824317333338303e-02,-3.505066831866667232e-01,2.412226363066668211e-01,-6.413969369160000822e-01,4.354041733333335884e-02,-6.753003059800000152e-01,-5.141631256360000846e-01,-3.843960628266667179e-01,-4.992142603066667128e-01,1.551464728357492689e-02
-4.191531074666667855e-01,-6.458610968800000407e-01,-3.209296046933334812e-01,-6.010686702933334402e-01,-4.709335845333333381e-01,8.699977034666665776e-02,4.967874725333339819e-02,-2.341008921066668191e-01,-5.006649369066665800e-01,-1.780833630933334744e-01,-5.464600638933334587e-01,-3.636837322666686134e-02,-5.085734149333331899e-01,-3.213306848533334370e-01,4.366629545634110876e-01
-4.885518217999997859e-01,-2.387546035066664130e-01,-3.797213915199999512e-01,-4.729974216933333087e-01,-6.169233908000008176e-02,-5.381667314666666035e-01,-7.184244982986666139e-01,1.488965079600002850e-01,-7.330319336320000323e-01,-3.093639236799997083e-01,-2.310479221066664979e-01,1.305616580933334492e-01,-1.391117463466665927e-01,-1.078518347333332628e-01,7.898774877827378083e-01
-8.134503882666670183e-02,-1.629677077866666934e-01,-1.745405486666665451e-01,-2.031925215866664802e-01,-4.598959905466665776e-01,-4.386236733466664650e-01,-5.067651207066666830e-01,-2.622122592666666918e-01,-3.971207697066665432e-01,-3.100005636266664477e-01,-4.352883841066666482e-01,-4.126591907066665676e-01,-5.469811804666665500e-01,-8.782302842666656062e-02,-5.128001609589197818e-01
-3.292391037866669312e-01,-2.464291108266666586e-01,-2.429177670266667588e-01,-5.578719278666680742e-02,1.637824260933333775e-01,-5.720220722266667890e-01,-3.222857106666587867e-03,-4.332518412266668228e-01,-4.636129399466668022e-01,1.945571899733332943e-01,-3.161365003466665158e-01,-1.392032533066668021e-01,-5.157443702266668595e-01,-6.782570573866668617e-01,1.906342182312367461e-01
-1.043262275199999395e-01,-7.747852762666666004e-01,-1.320242486399999249e-01,-4.628844357333332660e-01,-2.817741278933333926e-01,-4.693915969066666527e-01,-4.479281857066667594e-01,-1.860575346133333807e-01,-5.002580263466667176e-01,-3.828395395199999385e-01,-2.180312035199998277e-01,-4.121899026133333810e-01,-2.578833070933332361e-01,-2.948480708266665862e-01,4.872460206414708783e-01
-1.157999328000010840e-02,-5.313617397333351283e-02,-8.092729536000013713e-02,2.862468669866664039e-01,-1.257176408533335066e-01,-3.795258160000001268e-01,-8.337920646293333071e-01,-3.594626462933335209e-01,8.539955893333317505e-02,-3.449599704533334865e-01,-2.847137216000001914e-01,5.529345642666664423e-02,-5.963952899519999740e-01,-3.968541305599999625e-01,-2.435714293692292365e-01
-1.123358850266666237e-01,-3.492668884266668106e-01,-4.036654399066666454e-01,-4.480598622666676079e-02,7.844808653333323889e-02,-5.199647976266666971e-01,-4.354707734666667385e-01,-4.020804565066667391e-01,-3.595356596666667848e-01,4.290075333333180467e-03,-2.803633373466667966e-01,1.408099788533331564e-01,-7.097276556386667989e-01,-3.640696727866667426e-01,-6.195786874926864085e-01
-1.813706609599998743e-01,-7.758513126213332223e-01,-1.836967800666666761e-01,-6.026096846400000873e-01,-4.792242363733333899e-01,-6.332997462133334032e-01,-1.497795730133333336e-01,-4.350555557866666589e-01,-1.825015410000000171e-01,-2.846209280266667752e-01,1.025997529866664593e-01,-5.942246228800001084e-01,-6.661851641333349505e-02,1.830781634666648824e-02,-2.026030175113949228e-01
-7.870009173333336605e-02,-2.415567441066667487e-01,-3.366864755200000836e-01,-2.738815441066669298e-01,-3.831997077333333945e-01,-6.198775833600000951e-01,-4.853977954133334438e-01,-2.106456153600001213e-01,-3.697612108800001351e-01,-4.119041301333332683e-01,-2.997155242666667552e-01,-4.585639014399999769e-01,-1.513748620800002553e-01,-1.977156953600000266e-01,-2.237541289951773885e-02
-6.435542975066668170e-01,-8.375412350666670835e-02,-4.790980827066667058e-01,-3.388664687866667080e-01,-5.658790406266667183e-01,-5.240913166666683054e-02,-1.907127040666667384e-01,3.568900313333323027e-02,-8.163535870226666935e-01,-1.783331503466666634e-01,-3.945983224266666478e-01,-3.125133864266667061e-01,1.859433797333339203e-02,-4.165799047066667815e-01,-6.608583328140424928e-01
-6.401477797333310349e-02,2.450732572266668685e-01,-1.554402069866664959e-01,-2.413784315733333019e-01,-6.346798416319999747e-01,-5.002422839999999260e-01,-2.681849465066665772e-01,-3.607959474133332622e-01,3.342219685333335799e-01,-1.185615768533330866e-01,1.092675706133334756e-01,-5.206593008533332290e-01,-7.495848400266665879e-01,-1.161484659199999853e-01,-5.824995914543199538e-01
-2.808991132266666635e-01,-1.788833683733335178e-01,-3.505517651733334183e-01,-7.390226986666685594e-02,-9.687665520000028618e-02,-3.339438899200001809e-01,-4.717617800000000194e-01,-4.871759346133333612e-01,-5.331341792533335067e-01,-1.783812477866666413e-01,-2.481761402666678509e-02,7.824974186666662501e-02,-4.892696827200000986e-01,-5.097808349866667088e-01,-6.358391804065123276e-01
-6.402793923946665799e-01,1.262794107733335169e-01,-4.685261799466665100e-01,-4.599619661866666820e-01,-6.316383799786665643e-01,-3.894119281066665827e-01,2.381145445333331667e-01,-2.696409332266664904e-01,-3.263788493866668361e-01,4.735838782933334268e-01,1.707404917333328956e-02,-5.380452542506666269e-01,-4.198172141866664542e-01,-2.913540077866668132e-01,-9.269285145717433005e-01
-2.846281514666664236e-01,-3.814130836266665381e-01,6.021120885333353101e-02,-7.044523594666667055e-02,-6.060907508266666355e-01,-1.901386593066665964e-01,-5.312502250666666370e-01,5.674050357333341316e-02,-5.870294170666666700e-01,-4.913554778666666678e-01,-5.192129377066665441e-01,3.568931413333290784e-03,-2.967297111466666304e-01,-4.267067057066666891e-01,8.480033193228261323e-01
-2.318164698000000357e-01,-5.212221051733334498e-01,-5.506116302400001494e-01,-4.150950688000000777e-01,-3.058829441600001142e-01,-4.449554757600000521e-01,-1.578555379333333730e-01,-1.013984226533333199e-01,-6.146109744666667929e-01,-2.788153539466667330e-01,-4.222800770000000870e-01,-2.924871661599999229e-01,-4.155091201200000195e-01,-1.547460937066666986e-01,-5.618364101286338341e-01
-6.547573666666473002e-03,-3.357061810666664425e-01,-1.442698900666664341e-01,-2.706012448666665904e-01,-5.148779704666665014e-01,-1.895192620666664995e-01,-4.210160974666665723e-01,-5.187128110666665570e-01,4.325294173333352893e-02,-4.042266586666665162e-01,-2.619095218666664948e-01,-3.242890132666665370e-01,-4.922532844666666629e-01,-3.183489412666666851e-01,5.237895133644379086e-01
-6.547573666666473002e-03,-3.357061810666664425e-01,-1.442698900666664341e-01,-2.706012448666665904e-01,-5.148779704666665014e-01,-1.895192620666664995e-01,-4.210160974666665723e-01,-5.187128110666665570e-01,4.325294173333352893e-02,-4.042266586666665162e-01,-2.619095218666664948e-01,-3.242890132666665370e-01,-4.922532844666666629e-01,-3.183489412666666851e-01,5.237895133644379086e-01
-1.671360539866668660e-01,-5.326105012666668692e-01,-1.130578339066667937e-01,-2.996875103866667445e-01,-5.110416311866669004e-01,-3.260244184666666878e-01,-4.900189181866667631e-01,-3.837957007066667425e-01,-9.925653118666666330e-02,-3.544592632666668242e-01,-3.270387101866667479e-01,-5.360859226666884851e-03,-1.326934813066668328e-01,-5.169453291466666878e-01,5.880492061502983446e-03
-5.485458578266665386e-01,7.918123862666674728e-02,-4.582906909600000245e-01,-6.734316039999892027e-03,-5.830994951999990406e-02,-3.930562376666666968e-01,-3.723663693999998969e-01,-3.190461241466667208e-01,-2.254102472000004201e-02,-5.102466115999989421e-02,-4.240472055999999768e-01,-1.510461472000000638e-01,-1.671772309333334761e-01,-6.470945057866667183e-01,7.876976400630147923e-01
-1.646555461733335834e-01,-3.962925431866667902e-01,-2.652967206533333733e-01,-5.608800106133333685e-01,-2.671311058666692162e-02,-3.303844339733332802e-01,-2.758370244133334093e-01,-1.776124508800001889e-01,-5.366783317600001268e-01,-1.745448836266666748e-01,-3.250072739333334515e-01,8.540468905333338523e-02,-5.751210132399999786e-01,-5.733732132933333503e-01,-1.222536340178806552e-01
-5.903448052906666854e-01,-6.437738162346667847e-01,-3.865021606399999254e-01,1.889795882666659918e-02,5.861833561599999465e-01,-5.078016315733334674e-01,-5.399621120000001190e-02,-3.514804445866667737e-01,5.762687415466665186e-01,-2.686602111999999987e-01,-4.177114440533333806e-01,-4.024960597333333001e-01,-3.063265877333334331e-01,-4.906743065600000508e-01,-5.979893882738164246e-01
-3.289396545200000688e-01,-8.007945941333331763e-02,-2.013094762266668669e-01,-1.484177956533333786e-01,-7.394942753599998975e-01,-8.168824317333338303e-02,-3.505066831866667232e-01,2.412226363066668211e-01,-6.413969369160000822e-01,4.354041733333335884e-02,-6.753003059800000152e-01,-5.141631256360000846e-01,-3.843960628266667179e-01,-4.992142603066667128e-01,1.551464728357492689e-02
-9.229610693333611948e-03,-4.788487328266667897e-01,-2.916572209733334087e-01,-4.263927668000001003e-01,-3.400188921200000824e-01,2.769777966666649507e-02,-5.081999279600001307e-01,-1.832546400800000586e-01,-4.136549605066666691e-01,-4.872560349199999696e-01,-5.276915711066667569e-01,-3.628087172533334126e-01,-5.081561854933333011e-01,-2.724280326266666497e-01,-3.151900653946154707e-02
-2.609997427066665376e-01,-6.457285694400000109e-01,-4.746387109333333743e-01,-2.508113227333333417e-01,-4.036719846266667022e-01,-4.393572262533331774e-01,-3.891023722533331619e-01,-2.795639716800000230e-01,-8.679142990759999288e-01,-1.550951546533333170e-01,-2.044308173066665402e-01,-6.314768082799999682e-01,4.755647027999998500e-02,-1.617442584133333694e-01,-8.226090256974825099e-01
-4.726696085333307457e-02,-4.104020567466666880e-01,-7.298058207999987002e-02,-4.050067496533333866e-01,-4.501605247999999199e-02,-3.991217411199999288e-01,-7.667672450133332651e-01,-4.133144916266666691e-01,-5.570289773866665683e-01,-2.825985721600001166e-01,-1.759467532799998679e-01,-2.251230873599997795e-01,-1.621234266666666812e-01,-4.531177683200000028e-01,2.072734771907694395e-01
-2.759602646399998416e-01,-6.926247740013332654e-01,-2.483400025333330416e-02,-3.620176485466665706e-01,-5.220893689333333532e-01,9.567235280000001285e-02,-6.985660829973333596e-01,2.313327835333334193e-01,-7.632343209253332761e-01,-1.948024823866664479e-01,-5.957156396186666925e-01,-5.111736634799998180e-01,-6.697924633333347810e-02,-4.878788759733332370e-01,-9.496239593343929197e-01
-5.129245740266666909e-01,1.619737123733333561e-01,3.531673376533331354e-01,-5.118994957866666029e-01,-6.028592071840001010e-01,-5.322467477333335806e-01,-5.424313960533333479e-01,-3.073137193066666772e-01,-4.355256557333332945e-01,-1.587545309333334986e-01,4.532061559999999711e-01,2.284715298133332129e-01,-2.291983484800000637e-01,-3.819901179733335428e-01,3.297215724350480159e-01
-5.436747646666666434e-01,5.297486973333332960e-01,-4.406035286666665773e-01,-4.652321526666665652e-01,9.813650733333319220e-02,-7.239127254666666289e-01,-1.549737286666665881e-01,-3.705631006666665894e-01,-2.554776306666663999e-01,-6.337214066666667367e-02,5.599221933333323881e-02,-3.598714326666667129e-01,-4.435376246666666300e-01,-5.274715666666670438e-02,5.924535360695774022e-01
-3.205021620266664262e-01,-5.418282641066665128e-01,1.749442901333342348e-02,-6.632336533866665107e-01,1.654481339733336609e-01,-3.133865559466665895e-01,3.146052917333334170e-02,-1.388368151466667089e-01,-4.756138909866667319e-01,-1.970608682666667374e-02,-5.489862881066666089e-01,-2.868329380266665396e-01,-5.588484545066666476e-01,-6.334944496746666154e-01,-4.565948925455112772e-02
-3.275683956266665642e-01,-4.996889449679999262e-01,3.149268336533334600e-01,-2.510791995733330784e-01,2.867515219733336451e-01,-4.728020814133332972e-01,-1.362869989599998777e-01,-3.126046417866665261e-01,-5.239185447999972212e-02,-4.618683783733332215e-01,-1.261476247733333833e-01,3.007924525866669252e-01,-6.694393571866665837e-01,-5.790856182506666228e-01,-9.684552174569112104e-01
-6.499857706666666290e-01,-2.018930794666665418e-01,-3.417838282666665894e-01,-1.232661706666666745e-01,-6.358622506666684882e-02,-5.007709642666666738e-01,3.613935253333325909e-02,-6.806864257066665980e-01,-1.612597130666667267e-01,-8.215464746666671647e-02,-2.584650058666667083e-01,-1.866418698666665321e-01,-1.456200010666665323e-01,-2.891766186666666627e-01,-1.968638757554407315e-01
-4.440823294266666998e-01,-5.038130142666652489e-02,-4.328337286266665807e-01,-2.790131882666668228e-01,-5.391900643066666055e-01,-4.428107484666667371e-01,-9.267767066666661446e-02,-3.700290408266666553e-01,-1.920484622266664942e-01,-3.250835445866666618e-01,-4.273551334666662177e-02,-5.065039127066666147e-01,-1.685486679466666471e-01,-2.600861947466667767e-01,-5.991645214395829172e-02
-4.394638609066666146e-01,2.207858005333355675e-02,-4.994359364266666712e-01,-2.782965418666665802e-01,-4.201478621866665542e-01,-1.998372932266665458e-01,-1.304340548266666178e-01,-2.808964369066666578e-01,-2.785582762666664602e-01,-4.645554653866665329e-01,-1.689090116266666330e-01,-5.684291242666666966e-01,2.591735125333342535e-02,-4.959374199466665689e-01,1.153459751772971109e-01
-7.870009173333336605e-02,-2.415567441066667487e-01,-3.366864755200000836e-01,-2.738815441066669298e-01,-3.831997077333333945e-01,-6.198775833600000951e-01,-4.853977954133334438e-01,-2.106456153600001213e-01,-3.697612108800001351e-01,-4.119041301333332683e-01,-2.997155242666667552e-01,-4.585639014399999769e-01,-1.513748620800002553e-01,-1.977156953600000266e-01,-2.237541289951773885e-02
-1.048664979466667618e-01,-4.836038415466665796e-01,-3.590097121066666008e-01,-5.340124846666666203e-01,-3.625588832266665729e-01,-3.246200662666665626e-01,-4.606860886666665489e-01,-3.580084282666658874e-02,-4.760108715466666029e-01,-4.258625588266665152e-01,-3.793415163466666296e-01,-7.792263661066667346e-01,-9.750447466666756213e-03,-2.940746326666667798e-01,1.140073833972749390e-01
-2.021433843066665903e-01,-3.816114811733332668e-01,-5.520466842639999427e-01,-2.241130594399999010e-01,-5.794551792413332736e-01,-5.223293118999999818e-01,-3.646954203199999078e-01,2.103917487599999137e-01,4.809887245333340638e-02,1.076113650933333971e-01,-4.108965280266667075e-01,-6.821813749693332873e-01,3.026879442933336217e-01,-6.808631944613332543e-01,9.183423749642491973e-01
-6.486980890666682598e-02,-5.931757321066667421e-01,-9.783041146666675292e-02,-5.458067861866666703e-01,-2.456676433066666831e-01,-2.199372202666666498e-01,-6.124604986666663115e-02,-2.217924461866666308e-01,-5.166866746666666232e-01,-3.737562553066666737e-01,-2.826334532266668309e-01,-4.456245865066665313e-01,-4.482253705066667204e-01,-5.847751997866666995e-01,1.640477207530631754e-01
-1.745493759999986946e-02,-1.497057730666666586e-01,-1.078110963199998551e-01,-5.669482523733333501e-01,-1.364181026666665131e-01,-1.544720026666667467e-01,-5.590334226133334417e-01,-3.610760198933332110e-01,-5.423082896533332198e-01,3.379888090666671729e-02,-1.463742267199998892e-01,2.122580716266666556e-01,-6.511997857066668116e-01,-6.299009980799999964e-01,-9.571054555222306970e-01
-3.029452148266666422e-01,-1.281710737866665895e-01,-3.815601688666666047e-01,-1.591133440266669086e-01,-3.630564856666667062e-01,-3.137390300266667542e-01,-1.372173189066666910e-01,-5.052413650666665035e-02,-4.646811124266667647e-01,-2.145558614666667197e-01,-2.732707895466666703e-01,-3.229137729466667328e-01,-5.503377459066668420e-01,-5.699465101866666439e-01,-5.336674387172355427e-01
-1.572439494400000581e-01,8.111857440000018460e-02,-4.216381270400000325e-01,-5.342679806933333664e-01,-3.711841281066667331e-01,-3.946713345066664158e-01,-4.170168017066664956e-01,-5.711624674133334301e-01,4.158330130133333635e-01,-1.446739445333333762e-01,1.106950565333333358e-01,-5.130425052800000607e-01,-4.957424379733332276e-01,-1.505892409599998982e-01,-3.174676576792729854e-01
-1.068112362666665122e-01,-3.202948863999998674e-01,-4.158895509333334073e-01,-5.359476650666666897e-01,-6.426219861333333228e-01,-7.256420693333343053e-02,-5.852345856000001900e-01,-1.746482560000002238e-01,-4.481114602666667612e-01,-2.106233877333334448e-01,-3.261632341333333684e-01,-4.841045930666667552e-01,-3.365048469333333792e-01,-1.786804949333333781e-01,-8.220454415105715729e-01
-4.682370333599998879e-01,-1.750861571199999744e-01,1.875829148533331436e-01,-3.317630873333333175e-01,-4.549621423999998804e-01,-2.614856485066665570e-01,3.039390479999978020e-03,-6.136522531279999804e-01,-1.419641771733332336e-01,-1.152364476533331156e-01,4.733074445866665703e-01,-1.499955455200000787e-01,-5.142637732586665678e-01,-5.751621872480000563e-01,-7.861033978918362530e-01
5.516612000000028354e-02,-4.125293037999999690e-01,-3.183565543999999359e-01,7.075500000000012335e-03,-4.781305671999998563e-01,-1.528682443999998808e-01,-5.025247699333332818e-01,-1.841837245999998485e-01,-7.477294117799999640e-01,-1.483797865333332522e-01,-1.376584071333333270e-01,-2.947167143333334072e-01,-7.908761274533332442e-01,-1.757725808666664447e-01,-9.212010489552003856e-01
-3.490956919466666197e-01,-6.956508515733333953e-01,-4.514768758399999027e-01,-3.447418304533334532e-01,-2.648192427200000698e-01,-4.108001177600000275e-01,-3.801922097066667838e-01,-2.316461337066666459e-01,-8.075180439146666389e-01,-8.912915247999997348e-02,-2.429539583466668873e-01,-7.018980756799999554e-01,5.330057701333323905e-02,-2.519496120533333827e-01,6.074036051409523740e-01
-1.969394288133334003e-01,-1.440443364533333936e-01,-1.439771498000001204e-01,1.222835573600000031e-01,1.843928193199998733e-01,-4.759560020133333791e-01,-1.041738567466667931e-01,-3.830752528266667123e-01,-4.123494374933334150e-01,1.263493911999979957e-02,-4.020794776266667370e-01,-7.693822559999989423e-03,-6.610264376666666886e-01,-7.204386353999999715e-01,-9.741696330437116247e-01
-2.494710038933334317e-01,-1.356314257600000628e-01,-1.934820304800002333e-01,-1.997588581600000524e-01,-3.489200072799999996e-01,-5.561294564800002282e-01,-2.970085006666668970e-01,-1.753517185066666428e-01,-3.691590697600002358e-01,-3.484587181066667871e-01,-4.877762857600000390e-01,-4.706344505866668082e-01,-4.678996647733335013e-01,-1.551867917866666391e-01,-5.762268948620610787e-02
-3.490956919466666197e-01,-6.956508515733333953e-01,-4.514768758399999027e-01,-3.447418304533334532e-01,-2.648192427200000698e-01,-4.108001177600000275e-01,-3.801922097066667838e-01,-2.316461337066666459e-01,-8.075180439146666389e-01,-8.912915247999997348e-02,-2.429539583466668873e-01,-7.018980756799999554e-01,5.330057701333323905e-02,-2.519496120533333827e-01,6.074036051409523740e-01
-3.066781342933332932e-01,-7.207678005333335858e-02,-1.244100366933332397e-01,-4.679955427733333839e-01,1.469153931733332141e-01,-4.817984633600000954e-01,-6.549000307733333637e-01,-3.859410918400000834e-01,-2.563926167466667461e-01,-4.653006408533333915e-01,-5.282203222400000397e-01,-6.251422485333346657e-02,3.348803386666669019e-02,-3.524431712000000161e-01,-5.992067911713110373e-01
-3.849611866666666771e-01,-1.980020626666668948e-01,-2.203427626666666084e-01,-1.637752426666668482e-01,-4.535709946666666714e-01,-2.220953146666667377e-01,-2.758257826666667967e-01,-4.112668186666668113e-01,-3.094452826666668765e-01,-3.932120626666668062e-01,-3.224939866666668986e-01,-4.659950266666668672e-01,-4.068160306666667725e-01,-2.424578866666668164e-01,-7.388466428664025587e-01
-4.162171416666666235e-01,-1.296693686666664791e-01,-4.471938316666665969e-01,-5.929717416666666630e-01,-3.640923886666665443e-01,-3.415249326666665586e-01,-3.316873786666665325e-01,1.106633253333333400e-01,-4.866868796666666275e-01,-1.079856856666664838e-01,-3.363919076666666008e-01,-5.674762296666666650e-01,-2.213764396666665635e-01,-4.396862246666666252e-01,6.079643670994526738e-01
-2.929517874666667798e-01,-4.658289850666665899e-01,1.659296769333332977e-01,-4.600775718666667014e-01,-4.283192486666667631e-01,-4.967957416266666759e-01,2.201316645333332433e-01,-4.642028058666666790e-01,-1.937668134666665765e-01,-5.117888747066666744e-01,2.327106389333331860e-01,-3.732085138666668134e-01,-3.820209702666666485e-01,-3.399555406666666113e-01,-1.773536371718676674e-01
-5.387362056666668009e-01,-4.410748318666667944e-01,-4.965559942666666338e-01,-4.434012712666667855e-01,2.435047493333334853e-02,-7.738165265066666576e-01,-2.208974658666669200e-01,7.762299233333329329e-02,-1.185439484666668264e-01,-3.104212098666667141e-01,-4.807322798666667230e-01,-3.104113936666665907e-01,1.436860183333331376e-01,-9.224634866666676924e-02,-3.861376838970591030e-01
-2.609997427066665376e-01,-6.457285694400000109e-01,-4.746387109333333743e-01,-2.508113227333333417e-01,-4.036719846266667022e-01,-4.393572262533331774e-01,-3.891023722533331619e-01,-2.795639716800000230e-01,-8.679142990759999288e-01,-1.550951546533333170e-01,-2.044308173066665402e-01,-6.314768082799999682e-01,4.755647027999998500e-02,-1.617442584133333694e-01,-8.226090256974825099e-01
-2.836371950666667918e-01,-5.673840759200000639e-01,-7.895812093333336168e-02,3.825920157333317917e-02,-4.178176463199999024e-01,-3.226366196799999031e-01,-2.775651660266665322e-01,-2.539517197599998610e-01,-7.728166774666668237e-01,-4.158111605333332794e-01,-6.058431877333318033e-02,-2.624245221866665645e-01,-2.480286438133333105e-01,-5.441736792000000378e-01,-3.562713917906662475e-01
-3.739859682666666352e-01,-5.124474567866665886e-01,-2.466486163866665748e-01,-4.913296038666665200e-01,-3.754165002266665607e-01,-6.613628327066666257e-01,-6.979894527426666606e-01,-2.626666478666657770e-02,-2.475889660666667214e-01,3.056667685333334106e-01,-3.629039222666671088e-02,2.632409920133333969e-01,-3.183952962266666797e-01,-3.313901285066664926e-01,-1.233585504351938505e-01
-3.671981577600000324e-01,-3.188086451200001226e-01,-1.866364666666668060e-01,-2.587303821866668296e-01,-3.797240968533334704e-01,-1.156428564266667181e-01,-2.294128277333333799e-01,-3.633710089600000193e-01,-5.132278041600001339e-01,-5.170390065066667873e-01,-1.227948407466668002e-01,-7.492353134933332770e-01,-2.971932276266668893e-01,-2.402484427733334871e-01,7.848577799066435157e-01
-2.025715086933332076e-01,-1.909732257066666106e-01,-2.520316135466667551e-01,-3.608388841600000951e-01,-3.211170382933333234e-01,-6.286079392000000210e-01,-3.302518228266665967e-01,-2.495433147733333856e-01,-4.390508266666666159e-01,-3.905166004266667490e-01,-3.432306569599998802e-01,-4.061738691200000306e-01,-1.775975864533334558e-01,-2.434672363733332290e-01,-5.002961609221840966e-01
-6.218877407466666396e-01,4.628693480533332405e-01,-3.162056557066668105e-01,-4.964179848266667139e-01,-5.273444881866665712e-01,-3.590124621866666033e-01,1.626226958133333012e-01,-1.902367273866669706e-01,-3.071539961866666668e-01,1.804819750133332124e-01,-1.242794142666667767e-01,-5.901681079066668500e-01,-4.276209353866667340e-01,-4.237939469866665587e-01,-3.548108243798923644e-01
-3.313146996533333777e-01,-6.227368310933331097e-01,-4.217524948666666051e-01,-2.907878427333334126e-01,-4.523046638933331809e-01,-3.335177557199999754e-01,-3.684572874666665609e-01,8.621538786666604892e-03,-6.032374412266666708e-01,-1.153870810000000163e-01,-2.704353545600000075e-01,-6.238524211866666169e-01,-3.117496868400000953e-01,-3.143558552933332639e-01,8.083645443685788523e-01
-9.644161066666434579e-03,-6.095543530666666099e-01,-2.000008282666666803e-01,-5.905188586666672984e-02,-8.925183466666671006e-02,-3.684111850666664800e-01,1.896781813333348055e-02,-4.868242714666665694e-01,-2.206539418666665642e-01,-2.654213722666665665e-01,-3.360337210666666796e-01,2.798216053333331746e-02,-7.614289066666666272e-01,-4.251121594666666392e-01,8.251902222969473288e-02
-5.065342450133333285e-01,-7.532151868026666364e-01,-4.448416609466665506e-01,-1.231670684399999161e-01,-2.727468973733332969e-01,1.675832717333335109e-01,-1.527296141999997803e-01,-4.207779150133332813e-01,-1.253707462533334149e-01,-5.327600899333332363e-01,-4.686351445066667121e-01,-2.504190674533332550e-01,-2.585165439466665660e-01,-2.409910685066666003e-01,8.686266607974476583e-01
-1.900383473866664730e-01,1.468965280933334228e-01,-2.073961829866665385e-01,-5.635440701466665203e-01,-3.835828063466664162e-01,-4.258936786266665497e-01,-4.952056285066666064e-01,-5.727386514666635980e-02,-2.665138484666664809e-01,-2.925781539866664782e-01,-3.656188241066666289e-01,-4.772232781866665441e-01,-2.318900176666665869e-01,-4.876655316666666518e-01,-9.103160718314481370e-01
-7.340483146666650083e-02,3.079126333333330121e-02,-3.737080318666666234e-01,-2.631889186666658276e-02,-3.259923526666665405e-01,-4.700788378666665435e-01,5.533046053333349340e-02,-6.883176771466666954e-01,-6.778879306666674154e-02,-2.658160882666666391e-01,-5.507164774666666318e-01,-2.647114630666666524e-01,-3.152733466666705290e-03,-5.916082570666665319e-01,6.851553302808875978e-01
-5.525655976666667968e-01,-1.609291210666666527e-01,-5.755667914666666718e-01,-2.519920180666668230e-01,-1.671525592666668059e-01,-3.460566016666666300e-01,-5.112548866666669772e-02,-2.136566950666667353e-01,-1.792737394666664985e-01,-2.261563870666666032e-01,-2.800459042666665899e-01,-5.061230800666666196e-01,-1.799427370666665527e-01,-4.995651430666667170e-01,-6.925421965902430754e-01
-6.847855574666668055e-01,-3.387521943333335339e-01,-4.602083150533335387e-01,-4.614704721066667514e-01,-1.909642016533335818e-01,-7.016367993466667841e-01,-9.037702885333349923e-02,-2.152684333333354516e-02,-2.772201116000013246e-02,1.444419917866666125e-01,-5.384524175733335083e-01,-1.510376457066667510e-01,2.067405223733332631e-01,-3.802684900800001877e-01,-6.546810600478982778e-01
-1.111029556400001256e-01,-2.911385354000000092e-01,-2.955289650400002022e-01,-4.122342285066666889e-01,-2.443166074133333865e-01,-6.116958281599998992e-01,-5.047035746400000411e-01,-1.057617323200001208e-01,-1.730164029200000897e-01,-4.490635013466667824e-01,-3.266255112799998916e-01,-5.354552251333334345e-01,-1.087912219866667557e-01,-2.830288245999999508e-01,4.809285228439507676e-01
-1.856305678666666029e-02,-4.879802885866666995e-01,-2.395156603066667389e-01,-5.860192477066666905e-01,-3.995661587866668474e-01,-3.583808426266667513e-01,-5.532130802266665981e-01,-3.486100351066666048e-01,-7.207866490666692272e-02,-3.788372543866667108e-01,-4.381433311066667002e-01,-2.648672077066667185e-01,-4.113128650666671854e-02,-3.848126287066667151e-01,6.677615705561779080e-01
-3.565684393200001523e-01,-3.271876016266667686e-01,3.461354972000011548e-02,-3.648046450000001495e-01,-3.622537528000021462e-02,-5.627821241933332885e-01,2.293481803466666802e-01,-5.890284181653333562e-01,2.075360882400000551e-01,-4.406192960919999568e-01,2.993811158000001527e-01,-5.857100080786666885e-01,-8.542851838666661035e-02,-5.977003619440001136e-01,-5.811167383568979217e-01
-6.421589956000002541e-02,-2.703939719599999236e-01,-4.052274358133332588e-01,-3.923046744666665586e-01,-3.060520961733332324e-01,-5.562261680666665820e-01,6.731833699999996423e-02,-1.556394730666665893e-01,-4.415000292933330961e-01,-4.401954637733331843e-01,-6.850773105333345103e-02,-7.049749974666664754e-01,-4.374350787599998180e-01,-2.550038801733333638e-01,-4.187139843085011665e-02
-7.362791651946666294e-01,-3.802205800266665325e-01,-9.219392682666664729e-02,9.116540933333332208e-02,4.341828383733335461e-01,-3.632442149066665849e-01,5.360410290933336208e-01,-2.531167345866665030e-01,-8.346837114346666864e-01,-4.967579758586666006e-01,-2.168607226666659574e-02,-4.409998585866666265e-01,-5.164437493946666402e-01,-2.659949370666667146e-01,-9.286427674775373786e-01
-5.525665041066666339e-01,7.527597269333341501e-02,-6.101901501866665578e-01,1.053272616533333234e-01,-5.606299441066666667e-01,1.603042325333348117e-02,-3.353420381866666911e-01,-5.408998583466667620e-01,-1.008777386666714904e-03,-1.565271927466668489e-01,-2.770548861866665713e-01,-4.461659575466667138e-01,4.313279701333320310e-02,-4.217268228266666807e-01,4.787720113878353168e-01
-2.954375255866666383e-01,-4.034355579866668040e-01,-4.008674702666668033e-01,3.703904317333309854e-02,-4.679490343466667923e-01,-2.491514193066667604e-01,-9.421877362666671030e-02,-3.878022159066668029e-01,-3.757053986666667456e-01,-1.321434629866669042e-01,-1.490651723066669376e-01,-5.102820742666688142e-02,-5.292977965466668655e-01,-5.558001159466666730e-01,-6.801130221444184887e-01
-2.494710038933334317e-01,-1.356314257600000628e-01,-1.934820304800002333e-01,-1.997588581600000524e-01,-3.489200072799999996e-01,-5.561294564800002282e-01,-2.970085006666668970e-01,-1.753517185066666428e-01,-3.691590697600002358e-01,-3.484587181066667871e-01,-4.877762857600000390e-01,-4.706344505866668082e-01,-4.678996647733335013e-01,-1.551867917866666391e-01,-5.762268948620610787e-02
-4.608632840106665074e-01,-2.679167625333332414e-01,4.288180169333335456e-01,-2.729398601466665464e-01,3.094686760666667813e-01,-5.717288702559999436e-01,-5.745477622319999922e-01,-2.097788079466663402e-01,-2.057576219866665002e-01,-8.160181305333313873e-02,-3.658495648426665636e-01,1.182118650533334758e-01,-7.023267003333332203e-01,-3.424495119986665226e-01,-2.121722516784364243e-01
-2.052461817599997573e-01,-1.574221973333322921e-02,-5.005831889813333602e-01,1.692441410133334045e-01,2.655372828800001694e-01,-5.692083759253332431e-01,-7.842450203946667031e-01,-4.038676984533332015e-01,-1.472702986666666047e-01,1.797263877333333537e-01,-4.221263369599999038e-01,-1.750817815466666760e-01,-3.955736648533332844e-01,-4.069029618133332415e-01,1.232297528924641700e-01
-3.583466641600001057e-01,-4.564837883333334179e-01,-3.836557651066667129e-01,-4.529302169200001837e-01,2.023301800266666672e-01,-6.415420769066667583e-01,-6.069452324933334308e-01,2.283055756133333392e-01,-3.853013109599999209e-01,-1.341284224266668657e-01,-2.635813946800000807e-01,-6.093696576000014881e-02,-4.198880599999998964e-01,-3.425070234000000546e-01,1.053981446825574264e-01
-5.748324530666666377e-01,-2.860015089333334259e-01,-3.259614497333333527e-01,-4.306322445333335414e-01,-2.505137778666668424e-01,-2.381427144000000384e-01,-3.539193502666668212e-01,-2.742279116000003181e-01,-4.901152698666668139e-01,-3.133004394666668024e-01,-5.302772948000001874e-01,-1.732737076000002430e-01,4.307932279999970859e-02,-3.848997265333333750e-01,8.738827702600197034e-01
-4.096468444666666042e-01,-3.787747420666667253e-01,-6.070557161986666062e-01,-1.578355397866667287e-01,-3.139218880666667100e-01,-2.949912863866668289e-01,-5.150086133866667026e-01,-1.910980862266666025e-01,-4.485907153066666098e-01,-3.271357666666752095e-03,-5.006016322666665408e-01,-3.523941017866666914e-01,-2.643764515066664988e-01,-2.983250446666667055e-01,-2.033267107541491051e-02
-6.218877407466666396e-01,4.628693480533332405e-01,-3.162056557066668105e-01,-4.964179848266667139e-01,-5.273444881866665712e-01,-3.590124621866666033e-01,1.626226958133333012e-01,-1.902367273866669706e-01,-3.071539961866666668e-01,1.804819750133332124e-01,-1.242794142666667767e-01,-5.901681079066668500e-01,-4.276209353866667340e-01,-4.237939469866665587e-01,-3.548108243798923644e-01
-2.629861797333331030e-01,-5.006101206133334314e-01,-5.559749879466666656e-01,-6.333512707599999736e-01,1.286659266400000945e-01,-4.870017466799998473e-01,-6.177973650399998240e-01,2.707828842266666314e-01,-3.318973295600000095e-01,-1.504661418799999595e-01,-2.583810645999999878e-01,-1.054808935999999447e-01,-4.554385980133332512e-01,-2.988129406133334665e-01,-4.537206386682395287e-01
-1.130938125866668004e-01,-2.028176524266669389e-01,-4.335008293866667306e-01,-9.653650122666679323e-02,-1.951315049066666418e-01,-4.143595241066666546e-01,-1.975179961066668710e-01,-4.182602028266666494e-01,-3.970039725866668090e-01,-1.486689900266666697e-01,-4.694957001066668023e-01,-3.452418013866666580e-01,-6.333324356266668564e-01,-2.890111311466666000e-01,-6.378404554105255864e-01
-6.401477797333310349e-02,2.450732572266668685e-01,-1.554402069866664959e-01,-2.413784315733333019e-01,-6.346798416319999747e-01,-5.002422839999999260e-01,-2.681849465066665772e-01,-3.607959474133332622e-01,3.342219685333335799e-01,-1.185615768533330866e-01,1.092675706133334756e-01,-5.206593008533332290e-01,-7.495848400266665879e-01,-1.161484659199999853e-01,-5.824995914543199538e-01
-3.116813824000000399e-01,-3.084692795733333104e-01,-4.777459635199998722e-01,-4.342860987733334066e-01,-4.338434414933332595e-01,-3.780913245866666661e-01,-6.069723787946665894e-01,8.190904063999997209e-02,-3.270949358933332718e-01,4.505498453333345310e-02,3.068564821333345446e-02,5.803297877333335464e-01,-6.726229934933333210e-01,-2.855759530666664436e-01,9.577471462257398649e-01
-4.726696085333307457e-02,-4.104020567466666880e-01,-7.298058207999987002e-02,-4.050067496533333866e-01,-4.501605247999999199e-02,-3.991217411199999288e-01,-7.667672450133332651e-01,-4.133144916266666691e-01,-5.570289773866665683e-01,-2.825985721600001166e-01,-1.759467532799998679e-01,-2.251230873599997795e-01,-1.621234266666666812e-01,-4.531177683200000028e-01,2.072734771907694395e-01
-1.416373206933331519e-01,3.657983512000010512e-02,-6.272597204879999389e-01,-2.633198991599998706e-01,-1.887291972666667872e-01,-4.329789163333332414e-01,-2.475636361600000723e-01,-3.854226446399999229e-01,3.714971728533334461e-01,-4.914705873999998254e-01,3.463379842666677172e-02,-4.941132167733333636e-01,-5.353780402933333571e-01,-1.053371021466666946e-01,6.118687014433571436e-01
-4.130250462266666922e-01,-2.707073149200001083e-01,1.524969324800000692e-01,2.486003510666663988e-02,-7.874906139999993115e-02,-7.262256525679999797e-01,-1.582998777999999052e-01,-3.160604240400000653e-01,-6.390567151999999862e-02,-3.113056625999999771e-01,1.684274152533333790e-01,7.966170862666673014e-02,-4.798558597999999509e-01,-5.405603461333332582e-01,7.033402246726135898e-01
-1.793095400266665751e-01,-2.141375981866667499e-01,-6.571573429066664973e-01,-3.817842169066666957e-01,-2.750123965066665899e-01,-4.313018439466667076e-01,-4.472703329866665745e-01,-2.250534519466663996e-01,-3.860172625066666252e-01,-2.492988961066666675e-01,-3.725165489866666957e-01,-7.575525754666666556e-01,-9.230694322666661844e-02,-1.145979812266665759e-01,7.428681744081496729e-01
-4.096468444666666042e-01,-3.787747420666667253e-01,-6.070557161986666062e-01,-1.578355397866667287e-01,-3.139218880666667100e-01,-2.949912863866668289e-01,-5.150086133866667026e-01,-1.910980862266666025e-01,-4.485907153066666098e-01,-3.271357666666752095e-03,-5.006016322666665408e-01,-3.523941017866666914e-01,-2.643764515066664988e-01,-2.983250446666667055e-01,-2.033267107541491051e-02
-2.138846658933332423e-01,-3.197271347333335290e-01,-1.485695811999999949e-01,8.551119999999912125e-03,-4.997578198399999505e-01,-3.074759541066667268e-01,1.312194026533332336e-01,-4.973738560666666753e-01,-4.629490510000001113e-01,1.506777015599999603e-01,-3.619297366666667237e-01,9.449347425333343153e-02,-7.371877253733333246e-01,-4.862916460933333629e-01,2.410883066843494127e-01
-1.050820134933333067e-01,-2.600449088533333675e-01,-5.416424321866667446e-01,-3.594776595333333269e-01,-5.120103904399999628e-01,1.728652286666646984e-02,-4.419968203866666556e-01,-2.057653232533335486e-01,-3.228300700400001944e-01,-3.544754232133334182e-01,-3.684355649999999649e-01,-5.047021586533332327e-01,-4.854204888666666662e-01,-2.281955637733335818e-01,-6.973448247355665819e-01
-3.603279633333332233e-01,-1.658652113333332068e-01,2.428772446666667972e-01,-6.913827399999999956e-01,2.014018373333333611e-01,-3.462018506666666440e-01,-1.651880133333332168e-01,-2.766880699999998972e-01,-5.330776089333332246e-01,-3.249710993333332354e-01,-5.310733404666665436e-01,-6.184805932000000395e-01,-2.209321013333334915e-01,-5.551495114666668007e-01,-8.249295869517502267e-01
-3.526180742133333545e-01,-2.555185962133332822e-01,-1.595122141333333021e-01,-3.063436802666667513e-01,-4.319566816266666720e-01,-2.613329362133332556e-01,-2.530610685066664867e-01,-3.345548579466666728e-01,-3.885894576800000277e-01,-5.325215062666667221e-01,-3.833255418666666192e-01,-4.028927340799999257e-01,-2.689458453866666043e-01,-2.502159181333333815e-01,7.487850181393540527e-01
-2.398496314666666296e-01,-1.644194836666666715e-01,-4.663976290666667635e-01,-3.620964862666668505e-01,-1.580637106666665515e-01,-2.739963334666667971e-01,-3.241778614666666058e-01,-1.625750632666666251e-01,-7.536121030666667053e-01,-3.794689324666666863e-01,-3.939750496666667989e-01,-5.362945156666668600e-01,-2.811663100666666470e-01,-3.790535224666668479e-01,-1.055736629221705053e-01
-7.071894563626667241e-01,-5.409007234666655256e-02,-3.438922003066666733e-01,-2.664964238266665508e-01,-6.175650649066667386e-01,-5.148758278666676347e-02,1.075614973333335021e-02,-1.681470061066668575e-01,-6.268332194266666990e-01,-2.590901294266665933e-01,-2.936322635866668307e-01,-1.971755655466666257e-01,-7.637067466666665194e-02,-4.180168634266666072e-01,-5.635520601900372711e-02
-4.695498401600000093e-01,1.911635211200000128e-01,3.589423826666671147e-02,-3.790231555733332702e-01,-3.129251214666668446e-01,9.186757738666677386e-02,-6.359680607999991520e-02,-5.694310857333332310e-01,-4.675654261333317407e-02,-6.562898787893333141e-01,-5.675724956800000109e-01,-1.714052976266667583e-01,-3.249905541333332759e-01,-2.627431900266665177e-01,-4.494993951686004907e-01
-2.957976527866665317e-01,-5.696908522666680602e-02,-4.325374816666667788e-01,-6.244764410746667105e-01,-2.728616637466669270e-01,-4.318860187066668743e-01,-4.049626270666666916e-01,-6.278527666666811058e-03,-5.216868181066667276e-01,-2.003021685466667423e-01,-3.509473619866668170e-01,2.500721470933333634e-01,-5.927018968066667393e-01,-1.597317511066664864e-01,-4.978860820592822534e-01
-3.234931182400000438e-01,-1.479995245333339503e-02,-3.047032606666665866e-01,-2.030785894399998737e-01,-6.186060465600000668e-01,-2.088443967466666606e-01,-5.024926987733331352e-01,-4.072178314133332866e-01,9.097758319999993404e-02,-2.560276108800000894e-01,-2.911693721333333262e-01,-1.955515226666667272e-01,-2.549523156266667034e-01,-4.202975004000000792e-01,-4.549747181380801864e-02
-2.817936993066665896e-01,-5.039077009066667001e-01,-5.754352970666657546e-02,-2.590268954666665735e-01,-6.121402129066666475e-01,-3.241657783466666554e-01,-2.039232551466666765e-01,-2.954651745066667057e-01,-9.590833277546666480e-01,-2.603275844266666472e-01,1.313886622933333470e-01,-4.182141348266665837e-01,-3.321020266666666748e-02,-4.820238465066665756e-01,8.121382358634232634e-01
-1.669568800533332009e-01,-4.279729948666668449e-01,-5.330668367600002178e-01,-4.374729025333342486e-02,4.891818703999994966e-02,-4.611153004666667665e-01,-6.456095141280000504e-01,-2.091110286266670004e-01,-5.646031726133333706e-01,-3.236229453333342582e-02,-3.773082295466667624e-01,9.504122899999985219e-02,-5.176004274800001248e-01,-3.671098101999999419e-01,-4.905120511552633206e-02
-3.735734982400001347e-01,3.635549651200002397e-01,-4.581322484266666106e-01,-2.738608118933332780e-01,-7.161610224000014568e-02,-6.251224309119999267e-01,7.839611850666668158e-02,-4.997067892800000632e-01,-4.410133198399998622e-01,3.743029813333335204e-02,-4.801483450666665931e-02,-4.063376110933332730e-01,-6.501237557493334540e-01,-9.551639055999998351e-02,-2.547381005527858955e-01
-1.731377559466666938e-01,-1.823177144266665550e-01,-3.107652274666665160e-01,-2.662955591466665273e-01,-6.509509995466666865e-01,-4.753653185066666897e-01,-1.565914600266665457e-01,-4.189593073066666951e-01,-3.699436021066666025e-01,-3.200490497066666440e-01,-3.313781890666665508e-01,-2.551821368266666279e-01,-2.548545665066666577e-01,-2.233918367466666555e-01,5.382486473406981053e-01
-1.362092981333334618e-01,-3.912398997333334516e-01,-3.103602384000000991e-01,-1.800509861333333961e-01,-2.158650960000002283e-01,-6.247482181333333662e-01,-1.298403770666668178e-01,-2.603670261333332903e-01,-3.567784810666665973e-01,-3.569958778666666999e-01,-4.532301946666666415e-01,-2.075798623999999537e-01,-4.888591146666667053e-01,-2.469689418666665970e-01,6.617646294038542765e-01
-6.320590380946667919e-01,-4.664051507199999946e-01,1.295605614133332750e-01,-6.492187993573333982e-01,-1.501803042666667309e-01,-5.269234943733333010e-01,-3.466543928666667718e-01,-1.043989397466669189e-01,9.653607226666682806e-02,-1.364902765466666779e-01,-1.400863270533335980e-01,1.994104285333332671e-01,-7.031611928000014444e-02,-6.018226260813334116e-01,3.754220170788907796e-01
-4.921074087600000868e-01,-5.968687724799998096e-01,-5.751328979733333346e-01,2.000563553066667666e-01,3.370478787200002491e-01,-3.604644477866665864e-01,5.053147400000016637e-02,-2.907623236933331579e-01,4.303861649733334294e-01,-4.875595293199999070e-01,-4.697523393999998298e-01,-5.146653178133332451e-01,-3.416323836266665914e-01,-3.965699132000000127e-01,-7.824583434888288114e-01
-2.229322042666665171e-01,-2.394225202666667440e-01,-4.769317146666665619e-01,-1.947770570666665646e-01,-2.680738362666665320e-01,-3.512648050666665189e-01,-7.811960431466666854e-01,5.404673173333337383e-02,-6.523225210666665497e-01,-4.517341226666668486e-01,-2.685602762666669530e-01,4.354935653333313894e-02,4.404552533333324499e-02,-4.135680402666667699e-01,-5.858135703695795116e-02
1.282703813333322708e-02,-5.186754587999998778e-01,-8.580193199999955680e-03,-6.642742954666666089e-01,-1.117699697333334186e-01,-1.210151250666668260e-01,-6.025047923999999888e-01,-3.379944712000002016e-01,-2.801801147999999908e-01,-2.513866470666667463e-01,-3.063013586666674115e-02,2.461510278666665386e-01,-5.858635128000001524e-01,-5.754120377333332703e-01,8.894847334321032140e-01
-3.956432354133334606e-01,-4.748436938133333562e-01,-1.513390176800001041e-01,-3.936611678666667724e-01,-1.922304693066667625e-01,-2.149132174133333850e-01,-9.749422005333337193e-02,-3.313123957866667690e-01,-1.373247309600002242e-01,-5.641436499200001009e-01,-3.517087755200001276e-01,-3.762420016266667666e-01,-3.319867922133334370e-01,-3.857986924533333695e-01,1.126785921375955124e-01
-3.476870853333332012e-01,-4.277146442666666104e-01,-2.823349546666668528e-02,-4.419203914666665622e-01,-2.408202826666666352e-01,-4.627480885333333238e-01,-5.209028661333331423e-01,-1.874562453333332712e-01,-3.589425503999999489e-01,-7.442991946666636938e-02,-4.205932735999999283e-01,7.627493120000010396e-02,-3.651945589333333575e-01,-5.051711109333333338e-01,-1.364027782016822010e-01
-3.526365372266664910e-01,-4.554030119466666027e-01,-2.231024433066668422e-01,-1.511187306666664509e-01,-3.421413196266667178e-01,-4.219723738666667501e-01,-4.418073722666666647e-01,-3.462046057066665017e-01,-4.777895999466665877e-01,-5.801035285866665836e-01,-2.180609546666663692e-02,4.719273877333337447e-02,-4.313699265066666122e-01,8.891363589333334261e-02,-1.820343708198295940e-01
-3.427379195733333828e-01,-4.466521070933334170e-01,-4.928811165866668342e-01,-3.609166728000001712e-02,-4.186350361066669135e-01,-2.504146790400000877e-01,-1.160321374133334443e-01,-3.174922305333334194e-01,-1.221140151200001966e-01,-1.994600000266668616e-01,-1.717546042133335504e-01,-6.066346405333344904e-02,-6.006112190666668127e-01,-4.258372597066666931e-01,1.159676394071228467e-01
-4.790863264000002064e-01,1.173510872000000232e-01,-4.584557747733334909e-01,-4.073325678933334970e-01,-1.822181624533335265e-01,-4.043263761600002226e-01,-3.135663069333333719e-01,-1.170600783466667211e-01,-3.475407603733334239e-01,-1.861845408000002422e-01,-3.633165366933333584e-01,-5.883591524800001471e-01,-8.865829674666662885e-02,-5.051011020266665819e-01,1.714457539213317836e-03
-3.436183354666658835e-02,-3.950483665066666927e-01,-3.842390266666666498e-01,-4.046633516266665009e-01,-4.487341815466665551e-01,-3.396268705066667337e-01,-6.215031769066666767e-01,-9.991386346666668306e-02,-4.406658428266665983e-01,-3.810168466666666309e-01,-3.056006497066666161e-01,-4.895054991466666894e-01,-1.755792423466665253e-01,-3.117013105066665513e-01,-7.228162838820903491e-02
1.282703813333322708e-02,-5.186754587999998778e-01,-8.580193199999955680e-03,-6.642742954666666089e-01,-1.117699697333334186e-01,-1.210151250666668260e-01,-6.025047923999999888e-01,-3.379944712000002016e-01,-2.801801147999999908e-01,-2.513866470666667463e-01,-3.063013586666674115e-02,2.461510278666665386e-01,-5.858635128000001524e-01,-5.754120377333332703e-01,8.894847334321032140e-01
-4.633476095999999878e-01,-1.009649242666667418e-01,-2.523066586666666278e-01,-2.117734229333333718e-01,-4.028125709333332805e-01,-1.938818640000000426e-01,-2.573546933333332731e-01,-3.144140359999998968e-01,-3.103094045333332218e-01,-4.142823677333333232e-01,-4.352772266666667389e-01,-5.211517442666666611e-01,-2.792350272000000966e-01,-3.284078501333332345e-01,-2.622660605797497713e-01
-2.863247986666666023e-01,-4.528052306666666138e-01,-1.072235280000001650e-01,4.046894399999997199e-02,-6.532971775999999453e-01,-3.412026253333332870e-01,-2.058550106666666435e-01,-4.931515786666665346e-01,-8.972827211999999664e-01,-2.571556946666667121e-01,2.757218013333331830e-01,-4.124588826666665820e-01,-5.781225466666661816e-02,-4.128834693333334194e-01,-3.498440327755680257e-01
-2.038876521466663760e-01,-4.255724533066665427e-01,-6.003689088666667173e-01,-3.210077794666664208e-01,-4.004981778666665271e-01,-2.246027767066666458e-01,-3.183886257866666014e-01,-1.019970792666666098e-01,-7.752853326546665924e-01,-3.532771286666669397e-02,-3.971189201466665541e-01,-3.499833117866666399e-01,-4.799427868666666375e-01,-3.042397011866666001e-01,9.541962761879948518e-01
-3.205021620266664262e-01,-5.418282641066665128e-01,1.749442901333342348e-02,-6.632336533866665107e-01,1.654481339733336609e-01,-3.133865559466665895e-01,3.146052917333334170e-02,-1.388368151466667089e-01,-4.756138909866667319e-01,-1.970608682666667374e-02,-5.489862881066666089e-01,-2.868329380266665396e-01,-5.588484545066666476e-01,-6.334944496746666154e-01,-4.565948925455112772e-02
-9.206373680000012882e-02,-8.347927802146667409e-01,-2.924801644000011788e-02,-1.931851107600000006e-01,-1.377899542133335375e-01,-2.603217828666668510e-01,-3.801426075333334542e-01,-4.179948850399999860e-01,-2.332302481466665967e-01,-2.195179344666667587e-01,-4.176895501200001415e-01,-3.579883836000016112e-02,-5.703292523999999863e-01,-4.974004693866667104e-01,-6.179741058367768103e-01
-6.331580867626666054e-01,-1.980300173866664792e-01,-5.046664865866666849e-01,-3.793995589066665453e-01,-6.826107278986667248e-01,-2.936207626666664794e-01,4.050025482133333132e-01,-3.186260811466666287e-01,-2.183958200266665484e-01,7.750915645333329718e-02,-1.980404667466665602e-01,-4.181457857866665573e-01,-2.688244313866666180e-01,-2.738087761066667625e-01,1.103969080681970749e-01
-4.166409926666664876e-01,-6.576243599999997969e-02,1.601591939999999215e-01,-6.678722595999998513e-01,-2.680372319999999031e-01,-5.485932868666667517e-01,-2.508294419999999580e-01,-6.432669702000000100e-01,-4.096841600000011852e-02,-2.382597373333332769e-01,6.477995913333334244e-01,1.574454206666665856e-01,-3.471437246666666532e-01,-3.430607293333332031e-01,-1.599421017020804803e-01
-9.229610693333611948e-03,-4.788487328266667897e-01,-2.916572209733334087e-01,-4.263927668000001003e-01,-3.400188921200000824e-01,2.769777966666649507e-02,-5.081999279600001307e-01,-1.832546400800000586e-01,-4.136549605066666691e-01,-4.872560349199999696e-01,-5.276915711066667569e-01,-3.628087172533334126e-01,-5.081561854933333011e-01,-2.724280326266666497e-01,-3.151900653946154707e-02
-2.892548658666666550e-01,-1.945893130666667969e-01,-5.990651587333334360e-01,-4.307117155733335423e-01,-2.400175753866668205e-01,-3.122210650666668030e-01,1.493715312933332484e-01,-3.114461892400000598e-01,-1.627727249066666104e-01,-1.798386648000001031e-01,-5.416874308000026866e-02,-4.413825959333335658e-01,-4.851770839200000296e-01,-5.230339691866667806e-01,-2.958318257971483400e-01
-5.131965713466667411e-01,-5.095546201733333058e-01,-3.994563604800000500e-01,-4.221100515866667569e-01,-3.955559226666831123e-03,-7.587791887306667427e-01,-4.249796996000002741e-02,-2.936567706666911356e-03,-4.829112545333350687e-02,-2.850745623600001721e-01,-4.165055982266667733e-01,-2.276053276533334113e-01,-1.442555953600000718e-01,-2.084992366533334474e-01,6.268619163412032513e-01
-3.813396640533333048e-01,5.021964074666692562e-02,-7.922053973333298416e-02,-4.474495059466665481e-01,-2.846921004000000366e-01,-2.985804132799998456e-01,-4.675502848266665512e-01,-7.452667653333329423e-02,-3.788178630399998137e-01,-5.475208286399998459e-01,-2.836704948799996795e-01,-6.758197561066664472e-01,1.199465184000002155e-01,-4.955017799999999473e-01,-3.199158168057201213e-01
-1.845281137066665522e-01,-5.534090250666666710e-01,-2.341668977066664326e-01,-1.093685201066663809e-01,-2.525872029866667035e-01,-2.589107524266666682e-01,-3.420988797866664766e-01,-3.161140554666665992e-01,1.175011285333334675e-02,-3.757021783466667486e-01,-5.209819498666665716e-01,-5.419381495466665255e-01,1.657382536533334727e-01,-7.193752202666665596e-01,1.592263443571928505e-01
-3.812058365866666243e-01,-1.057941125866665999e-01,-1.167943090666663936e-01,-9.723478810666641436e-02,-3.368633285866666216e-01,-2.806337739466666648e-01,-3.113480799466665228e-01,-4.727629453066666265e-01,-4.649846998666665177e-01,-4.230261101866664153e-01,-4.468164759466666247e-01,-3.907333736266664914e-01,-3.103880036266666309e-01,-2.985741831466664498e-01,4.716777572647085082e-01
-2.232901386666667209e-01,-1.113470260666667572e-01,-3.865691395333333280e-01,-1.458112881333333277e-01,-3.328157482666664890e-01,-2.933298659333332670e-01,-3.920997077999999192e-01,-2.580003922666668781e-01,-6.886128126000000682e-01,-3.686541699333332756e-01,-4.379559225999998806e-01,-4.241040545333332190e-01,-1.699014934666666365e-01,-4.670083709333334165e-01,1.554066638404752454e-01
-5.488186678373333516e-01,-3.938607983760000764e-01,-4.610861637333366764e-02,-9.239890382666675339e-02,6.380352080666664705e-01,-5.443021740333332525e-01,-3.254820977426667317e-01,5.970167602666679590e-02,6.730464645333326945e-02,-1.458667247333333139e-01,-2.404097992266667205e-01,4.060485436399998704e-01,-7.319898705173333298e-01,-5.943747334173333785e-01,-2.460431528892077779e-01
-2.025715086933332076e-01,-1.909732257066666106e-01,-2.520316135466667551e-01,-3.608388841600000951e-01,-3.211170382933333234e-01,-6.286079392000000210e-01,-3.302518228266665967e-01,-2.495433147733333856e-01,-4.390508266666666159e-01,-3.905166004266667490e-01,-3.432306569599998802e-01,-4.061738691200000306e-01,-1.775975864533334558e-01,-2.434672363733332290e-01,-5.002961609221840966e-01
-4.433183241733334445e-01,-4.683361655733332962e-01,-1.303591074000000349e-01,-2.983883782133333606e-01,-3.714269780000001298e-01,-6.749189422666667104e-01,-5.129826486266667596e-01,-2.926135470000001959e-01,-6.264836300533332958e-01,-3.184797776266667380e-01,1.888666207066667935e-01,-3.466405154800000221e-01,1.919613132266665689e-01,-1.424968578133333497e-01,9.094007775491127488e-01
-2.708144426533334870e-01,-4.789495459866667804e-01,-2.851734261866667453e-01,-3.367254511066667955e-01,-4.270326999866666529e-01,-4.269859280533334633e-01,-5.270498022266667526e-01,-1.748197266800000094e-01,9.376342329333316183e-02,-3.624032425066667784e-01,-4.532436914266668171e-01,-8.086729672133334823e-01,-1.406387978000000205e-01,6.711500973333173192e-03,-5.145455254732492767e-01
-3.583466641600001057e-01,-4.564837883333334179e-01,-3.836557651066667129e-01,-4.529302169200001837e-01,2.023301800266666672e-01,-6.415420769066667583e-01,-6.069452324933334308e-01,2.283055756133333392e-01,-3.853013109599999209e-01,-1.341284224266668657e-01,-2.635813946800000807e-01,-6.093696576000014881e-02,-4.198880599999998964e-01,-3.425070234000000546e-01,1.053981446825574264e-01
-4.109591941333334830e-01,-6.721410240000000869e-01,-1.728720371733333538e-01,1.738998484799999245e-01,1.598091505600001128e-01,-4.114060651200001639e-01,-2.554575986666665632e-01,-1.020762634133334928e-01,-3.506316109333334485e-01,-6.881142848000001422e-01,-4.782560631466668544e-01,-4.376193270400001722e-01,-2.259355898666667029e-01,-3.129137980800000274e-01,6.197725765850116142e-01
-4.394638609066666146e-01,2.207858005333355675e-02,-4.994359364266666712e-01,-2.782965418666665802e-01,-4.201478621866665542e-01,-1.998372932266665458e-01,-1.304340548266666178e-01,-2.808964369066666578e-01,-2.785582762666664602e-01,-4.645554653866665329e-01,-1.689090116266666330e-01,-5.684291242666666966e-01,2.591735125333342535e-02,-4.959374199466665689e-01,1.153459751772971109e-01
-2.551467027466666759e-01,-5.709913565999999996e-01,-1.882001702666643086e-02,-2.352806276933332441e-01,-1.753067270933333643e-01,-4.271523863466664683e-01,-3.537793950533332787e-01,1.086949608933336364e-01,-4.967865125466667808e-01,-5.510179457066666231e-01,-5.312502618400000154e-01,-3.759710799733332887e-01,-2.917392795333331179e-01,-4.300415093733332417e-01,-9.021966558823545368e-01
-3.706732712800001051e-01,3.741092849999996806e-01,-3.669917689866665778e-01,-3.027537374933333969e-01,-5.255800493333347839e-02,-5.270639070533333914e-01,1.853486219599999318e-01,-4.558603058799999275e-01,-5.604170627733333632e-01,1.000883756666664653e-01,-2.790749841066668679e-01,-6.009554232533332874e-01,-6.576359162320000173e-01,-2.322508768133332568e-01,-6.900908309322174583e-01
-6.847855574666668055e-01,-3.387521943333335339e-01,-4.602083150533335387e-01,-4.614704721066667514e-01,-1.909642016533335818e-01,-7.016367993466667841e-01,-9.037702885333349923e-02,-2.152684333333354516e-02,-2.772201116000013246e-02,1.444419917866666125e-01,-5.384524175733335083e-01,-1.510376457066667510e-01,2.067405223733332631e-01,-3.802684900800001877e-01,-6.546810600478982778e-01
7.453116327999993740e-02,-4.928866381466667224e-01,-2.882125967066668792e-01,-1.530035040800002688e-01,-9.509418986666537052e-03,-2.631690985199999777e-01,-6.537110471999992012e-02,-2.342063524000002062e-01,-3.023119671200002467e-01,-4.796504944933334680e-01,-4.747687983333334638e-01,-4.656999562799999381e-01,-1.907671942933335529e-01,-7.956510215333333358e-01,4.492004734469955962e-01
-2.954375255866666383e-01,-4.034355579866668040e-01,-4.008674702666668033e-01,3.703904317333309854e-02,-4.679490343466667923e-01,-2.491514193066667604e-01,-9.421877362666671030e-02,-3.878022159066668029e-01,-3.757053986666667456e-01,-1.321434629866669042e-01,-1.490651723066669376e-01,-5.102820742666688142e-02,-5.292977965466668655e-01,-5.558001159466666730e-01,-6.801130221444184887e-01
-2.265805469866668531e-01,-5.500358401066668401e-01,-3.791193911466668176e-01,-7.157560778666678669e-02,-3.647196637866667035e-01,-9.407281962666669273e-02,-4.351214804266668179e-01,-1.790538877866669765e-01,-2.601326676266667026e-01,-1.869340535466668951e-01,-4.850008509866666206e-01,-1.538165703466667367e-01,-6.386546346666666096e-01,-3.975064445866666740e-01,-3.885616763458270007e-01
-1.291202331466667630e-01,-3.814833831466666325e-01,-4.298232209866665876e-01,-5.553887710666666200e-01,-6.543671578666643285e-02,-4.554374336266666101e-01,-7.386163243306667070e-01,1.272393138133332824e-01,-3.792574107466665789e-01,-7.084116970666649860e-02,-2.289266235466665689e-01,8.595011413333342176e-02,-5.857448225866667135e-01,-2.797098543466667309e-01,-9.905615132763174735e-01
-1.240641762133334325e-01,1.657759451733330780e-01,-1.167352305066667456e-01,-6.773620888533332662e-01,-3.259850652799999859e-01,-6.692271465599999303e-01,-3.090029046400000756e-01,-4.753099910400000461e-01,-2.069131276800000308e-01,-3.058726388266667651e-01,6.072459935999999919e-02,-5.960595261866666883e-01,-1.540641189333333827e-01,-1.620209922133331870e-01,1.348129050523247108e-01
-3.865518820533331845e-01,-1.063241277066667295e-01,-3.051638764266666470e-01,2.215487157600000145e-01,-1.459942389199998802e-01,-4.448340672399999640e-01,-2.110796149600000504e-01,-3.310455807599999578e-01,-4.093391584400001837e-01,-4.044813616266667577e-01,-2.928202943599999553e-01,-1.056750995999985142e-02,-4.384176798799999664e-01,-5.070070405066667840e-01,7.368189617110740275e-02
-2.892548658666666550e-01,-1.945893130666667969e-01,-5.990651587333334360e-01,-4.307117155733335423e-01,-2.400175753866668205e-01,-3.122210650666668030e-01,1.493715312933332484e-01,-3.114461892400000598e-01,-1.627727249066666104e-01,-1.798386648000001031e-01,-5.416874308000026866e-02,-4.413825959333335658e-01,-4.851770839200000296e-01,-5.230339691866667806e-01,-2.958318257971483400e-01
-1.496143573333341692e-02,-2.602593856000001149e-01,-1.978158165333333829e-01,-2.207185024000001550e-01,-1.512722559999997961e-02,-3.522846037333334235e-01,-7.931624908800000151e-01,-2.599396480000001897e-01,-5.383915946666680691e-02,-2.518988394666665798e-01,-3.752583424000001666e-01,1.463757887999997676e-01,-6.859769736533333218e-01,-2.631843925333334222e-01,1.584637930029751951e-01
-2.368362282666665874e-01,-1.447660034400000129e-01,-4.349554222666667802e-01,-3.772579743200001334e-01,-4.860609408000000076e-01,-4.551166095466667727e-01,-3.571931368000000329e-01,-1.572673848000002150e-01,-7.839984861600001187e-01,-2.616141748800000499e-01,-3.823404241599999698e-01,-1.481221867466668840e-01,-3.272363905866668143e-01,-1.411448582933333140e-01,-9.272537741198021433e-01
-3.706732712800001051e-01,3.741092849999996806e-01,-3.669917689866665778e-01,-3.027537374933333969e-01,-5.255800493333347839e-02,-5.270639070533333914e-01,1.853486219599999318e-01,-4.558603058799999275e-01,-5.604170627733333632e-01,1.000883756666664653e-01,-2.790749841066668679e-01,-6.009554232533332874e-01,-6.576359162320000173e-01,-2.322508768133332568e-01,-6.900908309322174583e-01
-2.398496314666666296e-01,-1.644194836666666715e-01,-4.663976290666667635e-01,-3.620964862666668505e-01,-1.580637106666665515e-01,-2.739963334666667971e-01,-3.241778614666666058e-01,-1.625750632666666251e-01,-7.536121030666667053e-01,-3.794689324666666863e-01,-3.939750496666667989e-01,-5.362945156666668600e-01,-2.811663100666666470e-01,-3.790535224666668479e-01,-1.055736629221705053e-01
-3.900802786666665578e-01,-4.384077914666664744e-01,-5.401086130666666874e-01,-2.377065835333332655e-01,-3.364733681999999004e-01,-1.271943070666665676e-01,1.474651885333333468e-01,-3.672807559999999860e-01,-1.731742713333310132e-02,-2.337446992666668277e-01,-2.320418913333336872e-02,-2.662246749999998552e-01,-5.410990841333332968e-01,-5.311663412666667305e-01,1.160400602870969994e-01
-1.366131535999999258e-01,1.986594005333331692e-01,-1.143893856000000042e-01,-2.442006981333335602e-01,-6.699601921599999121e-01,-3.882151706666666091e-01,-3.880814938666666269e-01,-3.536819973333333311e-01,4.646539530666666806e-01,-3.265456069333335098e-01,-2.079334613333353940e-02,-6.236634604266666493e-01,-5.922995412266666149e-01,-1.066138517333333341e-01,5.660540369642774738e-01
-4.763738580266667633e-01,-2.457299505066667111e-01,-2.154609127466665941e-01,-4.913357043200001217e-01,-2.608878035199999057e-01,-5.158832125866666951e-01,-6.153799571200001539e-01,-4.290032992000014644e-02,-3.765691029333333439e-01,1.821643210666668011e-02,-3.507242168533332705e-01,-4.913521034666690213e-02,-1.325500701866667297e-01,-4.734524245333333603e-01,-7.999214915854280239e-01
-1.374093009866665938e-01,-4.815170679200000414e-01,-4.162970309866667051e-01,-8.170696066666671697e-02,-3.994175339200000674e-01,-2.264695384799999545e-01,-3.091540055466666104e-01,-3.414172422666667539e-01,-4.878176326666667784e-01,-7.833941744000021135e-02,-4.191715592000000434e-01,-2.762222738933335364e-01,-5.603159081866667668e-01,-4.295332306666666544e-01,-7.165996320379296458e-01
-2.439039745066668985e-01,-4.501973875199999919e-01,-5.587439659733334230e-01,-1.829687558400001635e-01,1.915347627733332558e-01,-4.595712954666666406e-01,-4.598699502933333849e-01,-2.539908004266668295e-01,-4.516810276266667867e-01,-2.338110410666664404e-02,-4.128173640533334132e-01,-5.725434186666689129e-02,-5.252368212266667058e-01,-4.110158010666666861e-01,-4.966272795837811116e-01
-3.481680693999999465e-01,-2.660206138266666964e-01,1.905438405866668461e-01,-6.428768763999996583e-02,-2.994298660933332745e-01,-1.080022202933334369e-01,-6.368829664880001351e-01,6.952128081333341925e-02,8.911236808000004561e-02,-5.601804820653333294e-01,-3.059274743466667279e-01,-1.622922552266666540e-01,-2.736973721600000076e-01,-7.039667797893334189e-01,3.336890925097810712e-01
9.963105386666745375e-03,-4.442138734933334665e-01,-6.471620279466666625e-01,2.495253674666653154e-02,-6.189379306666668683e-03,-4.794404328533334869e-01,-3.858285961599999259e-01,-3.307556947199999375e-01,-7.911405870719999678e-01,-2.687044732799999669e-01,-7.972226325333320318e-02,-5.893071029333333266e-01,-2.464017625599999872e-01,-3.721138712533333393e-01,-5.346206311552157420e-01
-7.239908131906666044e-01,-3.738278037466666315e-01,-1.546973012266666669e-01,9.947472937333341758e-02,3.466545812933332082e-01,-4.292468673866666751e-01,1.839107585733333605e-01,-3.256773805466665617e-01,5.701854334933335045e-01,-5.860052930026666829e-01,-2.646254085466666628e-01,-6.497481594666666416e-01,-2.571379025466666302e-01,-3.143078906666667005e-01,3.486509618072992644e-01
-1.157999328000010840e-02,-5.313617397333351283e-02,-8.092729536000013713e-02,2.862468669866664039e-01,-1.257176408533335066e-01,-3.795258160000001268e-01,-8.337920646293333071e-01,-3.594626462933335209e-01,8.539955893333317505e-02,-3.449599704533334865e-01,-2.847137216000001914e-01,5.529345642666664423e-02,-5.963952899519999740e-01,-3.968541305599999625e-01,-2.435714293692292365e-01
-6.016768066666688952e-02,-3.390826820000000796e-01,-3.164952329333334258e-01,-2.868039739999999616e-01,-4.258805733333333454e-01,-3.473768085333333033e-01,-4.309751286666667625e-01,-1.093229977333332742e-01,-2.698443421333331926e-01,-4.720458149333333076e-01,-2.455999722666666329e-01,-5.447979695999999317e-01,-4.181577987999999801e-01,-3.215707431999999533e-01,2.196665297780335258e-01
-6.320595385200000749e-01,4.850879228400000187e-01,-6.319691609693333101e-01,-4.914280229266664857e-01,2.259766878666684062e-02,-2.089711987199998899e-01,1.009158865733335020e-01,-3.753104062626665960e-01,8.696511455200001128e-01,-5.153200703506666258e-01,4.417606552666668018e-01,-5.570151463373332890e-01,-5.258888481040000507e-01,-6.701099823999978611e-02,-3.442525742264463950e-01
-1.864598529333333088e-01,-3.891461509333331570e-01,-1.085461895466665466e-01,1.068885752533332151e-01,-2.665125849066664609e-01,-4.037185556799999797e-01,1.302368908533333425e-01,-5.542173098133331699e-01,-4.088274918133332214e-01,-4.389666127999980461e-02,-5.761523122400000751e-01,2.876365226666640403e-03,-6.525762671466664999e-01,-4.768575124000000720e-01,6.732220798931126682e-01
-3.675769591733333286e-01,-3.235436901333332282e-01,-4.269846837066667011e-01,1.834838212800002921e-01,-2.290859349333344494e-02,-2.321348791199998873e-01,-1.890336805600000003e-01,-5.119913944533333039e-01,-3.950495012000000972e-01,-4.191865066666504262e-03,-6.143120204799998874e-01,3.177287466666663812e-02,-4.101132665333334093e-01,-6.279823875199999073e-01,-5.725973193649368520e-01
-2.081755731466667925e-01,3.192200137333323084e-02,-4.127094861466667486e-01,-2.173284062266667149e-01,-4.439205517066667217e-01,-6.356538323866666174e-01,-7.865488942666676309e-02,-6.884488102666679044e-02,-6.479306293066667832e-01,-2.699595775066668257e-01,-1.165234267066666690e-01,-5.696410477066665701e-01,-2.562350900266666121e-01,-3.935847319066667072e-01,2.446013266041954237e-01
